""	"DMRT1"	"DKK1"	"WNT4"	"SRY"	"NR0B1"	"RSPO1"	"NR5A1"	"SOX9"	"CTNNB1"	"WT1pKTS"	"FGF9"	"DHH"	"PGD2"	"FOXL2"	"AMH"	"CBX2"	"UGR"	"GATA4"	"WT1mKTS"
"E801_438"	2	2	0	2	2	0	2	2	0	2	0	0	0	0	0	0	0	2	2
"E1_769"	2	2	0	2	0	0	2	2	0	2	2	2	1	0	1	0	0	2	2
"E1795_733"	0	0	2	0	2	2	0	0	1	0	0	0	0	1	0	0	0	2	2
"E645_767"	2	2	0	2	0	0	2	2	0	2	2	2	1	0	1	0	0	2	2
"E487_58"	0	0	0	0	0	0	2	0	0	2	0	0	0	0	0	2	2	2	2
"E284_5"	0	0	0	0	0	0	1	0	0	0	0	0	0	0	0	2	2	0	0
"E1797_596"	0	0	2	0	2	2	0	0	1	0	0	0	0	1	0	0	0	1	2
"E1058_571"	2	2	0	2	0	0	2	2	0	2	2	2	1	0	1	0	0	2	2
"E426_671"	0	0	2	0	2	2	0	0	1	0	0	0	0	1	0	0	0	2	2
"E1421_298"	2	2	0	2	2	0	1	0	0	2	0	0	0	0	0	0	0	2	2
"E1342_303"	2	2	0	2	2	0	0	0	0	2	0	0	0	0	0	0	0	2	2
"E1838_217"	2	2	2	2	2	1	0	0	0	2	0	0	0	0	0	0	0	2	2
"E1205_441"	2	2	0	2	2	0	2	2	0	2	0	0	0	0	0	0	0	2	2
"E243_17"	0	0	0	0	0	0	2	0	0	1	0	0	0	0	0	2	2	1	2
"E1297_71"	0	0	1	0	0	0	2	0	0	2	0	0	0	0	0	2	2	1	2
"E955_615"	2	2	0	2	0	0	2	2	0	2	1	2	1	0	1	0	0	2	2
"E1249_687"	2	2	0	2	0	0	2	2	0	2	2	2	1	0	1	0	0	2	2
"E911_206"	2	2	2	2	2	0	2	1	0	2	0	0	0	0	0	1	0	2	2
"E356_143"	0	0	2	2	2	0	2	0	0	2	0	0	0	0	0	2	0	2	2
"E585_315"	2	2	0	2	2	0	0	0	0	1	0	0	0	0	0	0	0	2	2
"E1875_274"	2	2	2	2	2	2	0	0	0	2	0	0	0	0	0	0	0	2	2
"E1395_781"	0	0	2	0	2	2	0	0	1	0	0	0	0	1	0	0	0	2	2
"E64_718"	2	2	0	2	0	0	2	2	0	2	2	2	1	0	1	0	0	1	2
"E1582_573"	0	0	2	0	2	2	0	0	1	0	0	0	0	1	0	0	0	2	2
"E395_752"	0	0	2	0	2	2	0	0	1	0	0	0	0	1	0	0	0	2	2
"E700_361"	2	2	0	2	2	0	2	2	0	2	0	0	0	0	0	0	0	2	2
"E709_134"	0	0	2	2	2	0	2	0	0	2	0	0	0	0	0	2	0	2	1
"E1343_759"	0	0	1	0	2	2	0	0	1	0	0	0	0	1	0	0	0	1	2
"E84_794"	0	0	2	0	2	2	0	0	1	0	0	0	0	1	0	0	0	2	2
"E1434_21"	0	0	0	0	0	0	2	0	0	1	0	0	0	0	0	2	2	2	2
"E1329_321"	2	2	0	2	2	0	0	0	0	2	0	0	0	0	0	0	0	2	2
"E322_105"	0	0	1	0	1	0	2	0	0	2	0	0	0	0	0	2	1	2	2
"E140_372"	0	0	2	0	2	2	0	0	1	0	0	0	0	1	0	0	0	2	2
"E106_563"	0	0	2	0	2	2	0	0	1	0	0	0	0	1	0	0	0	2	2
"E1606_316"	2	2	0	2	2	0	0	0	0	2	0	0	0	0	0	0	0	2	2
"E1508_539"	2	2	0	2	0	0	2	2	0	2	2	2	1	0	1	0	0	2	2
"E1102_404"	0	0	2	0	2	2	0	0	1	0	0	0	0	1	0	0	0	2	2
"E905_125"	0	0	0	0	2	0	2	0	0	2	0	0	0	0	0	2	0	2	2
"E1196_515"	2	2	0	2	0	0	2	2	0	2	2	2	1	0	1	0	0	2	2
"E552_450"	2	2	0	2	2	0	1	0	0	2	0	0	0	0	0	0	0	2	2
"E1698_699"	2	2	0	2	0	0	2	2	0	2	2	2	1	0	1	0	0	1	2
"E1401_220"	0	0	2	2	2	2	0	0	1	2	0	0	0	0	0	0	0	1	2
"E1097_282"	0	0	2	0	2	2	0	0	1	2	0	0	0	0	0	0	0	1	2
"E1538_410"	0	0	0	0	2	0	2	0	0	1	0	0	0	0	0	0	0	0	1
"E676_765"	2	2	0	2	0	0	2	2	0	2	2	2	1	0	1	0	0	2	2
"E414_718"	0	0	1	0	2	2	0	0	1	0	0	0	0	1	0	0	0	2	2
"E92_524"	0	0	2	0	2	2	0	0	1	0	0	0	0	1	0	0	0	2	2
"E1416_382"	0	0	2	0	2	2	0	0	1	0	0	0	0	1	0	0	0	2	2
"E1179_586"	2	2	0	2	0	0	1	2	0	2	2	2	1	0	1	0	0	2	2
"E1597_383"	0	0	2	0	2	2	0	0	1	0	0	0	0	1	0	0	0	1	2
"E1680_760"	2	2	0	2	0	0	2	2	0	2	2	2	1	0	1	0	0	2	2
"E670_789"	0	0	2	0	2	2	0	0	1	0	0	0	0	1	0	0	0	2	2
"E1748_438"	2	2	0	2	2	0	2	2	0	2	0	0	0	0	0	0	0	2	2
"E831_421"	2	2	0	2	2	0	2	2	0	2	0	0	0	0	0	0	0	2	2
"E125_263"	2	2	2	2	2	2	0	0	0	2	0	0	0	0	0	0	0	2	2
"E1830_130"	0	0	2	0	2	0	2	0	0	2	0	0	0	0	0	2	0	2	2
"E960_401"	0	0	2	0	2	2	0	0	1	0	0	0	0	1	0	0	0	2	2
"E722_718"	0	0	2	0	2	2	0	0	1	2	0	0	0	0	0	0	0	2	2
"E30_71"	0	0	0	0	0	0	2	0	0	2	0	0	0	0	0	2	2	2	2
"E1561_285"	0	0	2	0	2	2	0	0	1	1	0	0	0	0	0	0	0	2	2
"E242_213"	2	2	2	2	2	2	0	0	0	2	0	0	0	0	0	0	0	2	2
"E496_41"	0	0	0	0	0	0	2	0	0	1	0	0	0	0	0	2	2	1	2
"E1647_587"	0	0	2	0	2	2	0	0	1	0	0	0	0	1	0	0	0	2	2
"E566_374"	0	0	2	0	2	2	0	0	1	0	0	0	0	1	0	0	0	2	2
"E1673_380"	0	1	0	0	2	0	2	0	0	2	0	0	0	0	0	0	0	1	2
"E1846_453"	2	2	0	2	0	0	2	2	0	2	2	2	1	0	1	0	0	2	2
"E717_283"	0	0	2	0	2	2	0	0	1	0	0	0	0	0	0	0	0	2	2
"E410_465"	0	0	2	0	2	2	0	0	1	0	0	0	0	1	0	0	0	2	2
"E396_717"	0	0	2	0	2	2	0	0	1	0	0	0	0	1	0	0	0	2	2
"E1225_707"	2	2	0	2	0	0	2	2	0	2	2	2	1	0	1	0	0	2	2
"E593_600"	2	2	0	2	0	0	2	2	0	1	2	2	1	0	1	0	0	2	2
"E1514_727"	2	2	0	2	0	0	2	2	0	2	2	2	1	0	1	0	0	2	2
"E1287_584"	0	0	2	0	2	2	0	0	1	0	0	0	0	1	0	0	0	2	2
"E1193_657"	2	2	0	1	0	0	2	2	0	2	2	2	1	0	1	0	0	2	2
"E1978_106"	0	0	2	0	0	0	2	0	0	2	0	0	0	0	0	2	0	2	2
"E1694_570"	0	0	2	0	2	2	0	0	1	0	0	0	0	1	0	0	0	2	1
"E1534_250"	0	0	2	0	2	2	0	0	1	0	0	0	0	1	0	0	0	2	2
"E1798_332"	2	2	0	2	2	0	2	2	0	2	0	0	0	0	0	0	0	2	2
"E1651_442"	0	0	2	0	2	2	0	0	1	0	0	0	0	1	0	0	0	2	2
"E1500_157"	0	0	1	2	2	0	2	0	0	2	0	0	0	0	0	2	0	2	2
"E1427_564"	0	0	2	0	2	2	0	0	1	0	0	0	0	1	0	0	0	2	2
"E437_616"	2	2	0	2	0	0	2	2	0	2	2	2	1	0	1	0	0	2	2
"E14_185"	0	0	2	2	2	0	2	0	0	2	0	0	0	0	0	0	0	2	2
"E1134_316"	0	0	2	0	2	2	0	0	1	0	0	0	0	1	0	0	0	2	2
"E1032_80"	0	0	2	0	0	0	2	0	0	2	0	0	0	0	0	2	2	2	2
"E1603_103"	0	0	1	1	2	0	2	0	0	2	0	0	0	0	0	2	0	2	2
"E1745_261"	1	0	2	0	2	2	0	0	1	2	0	0	0	0	0	0	0	2	1
"E31_193"	2	1	2	2	2	2	2	0	0	2	0	0	0	0	0	2	0	2	2
"E1028_546"	0	0	2	0	2	2	0	0	1	0	0	0	0	1	0	0	0	1	2
"E1332_139"	0	0	1	2	2	0	2	0	0	2	0	0	0	0	0	2	0	2	2
"E581_748"	0	0	2	0	2	2	0	0	1	0	0	0	0	1	0	0	0	2	2
"E1436_616"	2	2	0	2	0	0	2	2	0	2	2	2	1	0	1	0	0	2	2
"E928_447"	0	0	2	0	2	2	0	0	1	0	0	0	0	1	0	0	0	2	2
"E201_173"	0	0	2	2	2	2	0	0	0	2	0	0	0	0	0	0	0	2	2
"E1354_463"	0	0	2	0	2	1	0	0	1	0	0	0	0	1	0	0	0	2	2
"E1525_123"	0	0	2	1	1	0	2	0	0	2	0	0	0	0	0	2	0	2	2
"E1857_722"	0	0	2	0	2	2	0	0	1	0	0	0	0	1	0	0	0	2	2
"E972_555"	2	2	0	2	0	0	2	2	0	2	2	2	1	0	1	0	0	2	2
"E21_284"	2	2	2	2	2	2	0	0	0	2	0	0	0	0	0	0	0	2	2
"E619_656"	0	0	2	0	2	2	0	0	1	0	0	0	0	1	0	0	0	2	2
"E241_603"	2	2	0	1	0	0	2	2	0	2	2	2	1	0	1	0	0	1	2
"E927_432"	0	0	2	0	2	2	0	0	1	0	0	0	0	1	0	0	0	2	2
"E949_413"	0	0	2	0	2	2	0	0	1	2	0	0	0	0	0	0	0	2	2
"E65_389"	2	2	0	2	0	0	2	2	0	2	2	1	1	0	1	0	0	2	2
"E521_479"	2	2	0	2	0	0	2	2	0	2	1	2	1	0	1	0	0	2	2
"E639_425"	0	0	2	0	2	2	0	0	1	0	0	0	0	1	0	0	0	2	2
"E1682_535"	0	0	2	0	2	2	0	0	1	0	0	0	0	1	0	0	0	1	2
"E785_147"	0	0	1	2	2	0	2	0	0	2	0	0	0	0	0	2	0	1	1
"E1402_204"	2	1	2	2	2	2	0	0	0	2	0	0	0	0	0	0	0	2	2
"E925_539"	0	0	2	0	2	2	0	0	1	0	0	0	0	1	0	0	0	1	2
"E1714_532"	2	2	0	2	2	0	1	1	0	2	0	0	0	0	0	0	0	1	2
"E1821_155"	0	0	2	2	2	0	2	0	0	2	0	0	0	0	0	2	0	1	2
"E111_653"	0	0	2	0	2	2	0	0	1	0	0	0	0	1	0	0	0	2	2
"E965_694"	2	2	0	2	0	0	2	2	0	2	2	2	1	0	1	0	0	2	2
"E1591_489"	2	2	0	2	0	0	2	2	0	2	2	2	1	0	1	0	0	2	2
"E815_68"	0	0	1	0	0	0	2	0	0	2	0	0	0	0	0	2	2	2	2
"E1071_726"	2	2	0	2	0	0	2	2	0	2	2	2	1	0	1	0	0	2	2
"E1224_51"	0	0	0	0	0	0	2	0	0	2	0	0	0	0	0	2	2	2	2
"E1173_513"	0	0	2	0	2	2	0	0	1	0	0	0	0	1	0	0	0	2	2
"E1001_757"	2	2	0	2	0	0	2	2	0	1	2	2	1	0	1	0	0	2	2
"E896_532"	0	0	2	0	2	2	0	0	1	0	0	0	0	1	0	0	0	2	2
"E656_613"	2	2	0	2	0	0	2	2	0	2	2	2	1	0	1	0	0	2	2
"E25_681"	2	2	0	2	0	0	2	2	0	2	2	2	1	0	1	0	0	1	2
"E875_422"	2	2	0	2	0	0	2	2	0	2	2	1	1	0	1	0	0	2	2
"E429_653"	2	2	0	2	0	0	2	2	0	2	2	2	1	0	1	0	0	2	2
"E188_127"	0	0	2	2	2	0	2	0	0	2	0	0	0	0	0	2	0	2	2
"E1662_719"	2	2	0	2	0	0	2	2	0	2	2	2	1	0	1	0	0	2	2
"E347_782"	2	2	0	2	0	0	2	2	0	2	2	2	1	0	1	0	0	1	2
"E1979_450"	0	0	2	0	2	2	0	0	1	0	0	0	0	1	0	0	0	2	2
"E702_416"	0	0	2	0	2	2	0	0	1	0	0	0	0	1	0	0	0	2	2
"E399_306"	0	0	2	0	2	2	0	0	1	1	0	0	0	0	0	0	0	2	2
"E542_184"	0	0	2	2	2	2	0	0	1	2	0	0	0	0	0	1	0	2	2
"E608_441"	0	0	1	0	2	0	2	0	0	2	0	0	0	0	0	0	0	1	2
"E424_145"	0	0	2	2	1	0	2	0	0	2	0	0	0	0	0	2	0	2	2
"E1907_370"	0	0	1	0	2	2	0	0	1	0	0	0	0	1	0	0	0	2	2
"E816_174"	0	0	2	2	2	0	0	0	1	2	0	0	0	0	0	2	0	1	2
"E1481_471"	2	2	0	2	0	0	2	2	0	2	2	2	1	0	1	0	0	2	1
"E721_426"	0	0	2	0	2	2	0	0	1	0	0	0	0	1	0	0	0	2	2
"E954_311"	2	2	0	2	2	1	0	0	0	2	0	0	0	0	0	0	0	2	2
"E571_258"	2	2	2	2	2	1	0	0	0	2	0	0	0	0	0	0	0	2	2
"E695_366"	2	2	0	2	2	0	0	0	0	2	0	0	0	0	0	0	0	2	1
"E1575_617"	0	0	2	0	2	2	0	0	1	0	0	0	0	1	0	0	0	2	2
"E737_495"	2	2	0	2	2	0	2	2	0	2	0	0	0	0	0	0	0	2	2
"E699_539"	2	2	0	2	0	0	2	2	0	2	2	2	1	0	1	0	0	2	2
"E1221_300"	0	0	2	0	2	2	0	0	1	0	0	0	0	1	0	0	0	2	2
"E661_771"	2	2	0	2	0	0	2	2	0	1	2	2	1	0	1	0	0	1	2
"E596_61"	0	0	0	0	1	0	2	0	0	2	0	0	0	0	0	2	2	2	2
"E1588_183"	0	0	2	2	2	1	2	0	0	2	0	0	0	0	0	2	0	2	2
"E1666_592"	2	2	0	2	0	0	2	2	0	2	2	2	1	0	1	0	0	2	2
"E1679_65"	0	0	0	0	0	0	2	0	0	2	0	0	0	0	0	2	2	2	2
"E1974_319"	2	2	0	1	2	0	0	0	0	2	0	0	0	0	0	0	0	2	2
"E583_19"	0	0	0	0	0	0	2	0	0	2	0	0	0	0	0	2	2	1	2
"E665_251"	2	2	2	2	2	2	0	0	0	2	0	0	0	0	0	0	0	2	2
"E1231_701"	2	2	0	2	0	0	2	2	0	2	2	2	1	0	1	0	0	2	2
"E1294_148"	0	0	2	2	1	1	2	0	1	2	0	0	0	0	0	2	0	2	2
"E1043_653"	2	2	0	2	0	0	2	2	0	2	2	2	1	0	1	0	0	2	2
"E500_71"	0	0	0	0	1	0	2	0	0	2	0	0	0	0	0	2	2	1	2
"E1918_389"	2	2	0	2	2	0	1	2	0	2	0	0	0	0	0	0	0	2	2
"E1541_65"	0	0	0	0	0	0	2	0	0	1	0	0	0	0	0	2	2	2	2
"E784_428"	2	2	0	2	1	0	2	2	0	2	0	0	0	0	0	0	0	2	2
"E1248_501"	0	0	2	0	2	2	0	0	1	0	0	0	0	1	0	0	0	2	2
"E1625_294"	0	0	2	0	2	1	0	0	1	0	0	0	0	1	0	0	0	1	2
"E187_154"	0	0	2	2	2	0	2	0	0	2	0	0	0	0	0	2	0	2	2
"E449_83"	0	0	0	0	2	0	1	0	0	1	0	0	0	0	0	2	0	2	2
"E1358_586"	0	0	2	0	2	2	0	0	1	0	0	0	0	1	0	0	0	2	2
"E1519_47"	0	0	0	0	0	0	2	0	0	2	0	0	0	0	0	2	2	2	2
"E255_608"	2	2	0	2	0	0	2	2	0	2	2	2	1	0	1	0	0	2	2
"E169_347"	0	0	2	0	2	2	0	0	1	0	0	0	0	1	0	0	0	2	2
"E1971_463"	2	2	0	2	2	0	2	2	0	2	0	0	0	0	0	0	0	1	2
"E1007_131"	0	0	2	2	2	0	2	0	0	2	0	0	0	0	0	2	0	2	2
"E859_551"	0	0	2	0	2	2	0	0	1	0	0	0	0	1	0	0	0	2	2
"E689_86"	0	0	0	0	2	0	2	0	0	2	0	0	0	0	0	2	0	2	2
"E1026_622"	0	0	2	0	2	2	0	0	1	0	0	0	0	1	0	0	0	2	1
"E937_440"	2	2	0	2	1	0	2	2	0	2	2	2	1	0	0	0	0	2	2
"E1860_226"	0	0	2	0	2	2	0	0	1	2	0	0	0	0	0	0	0	2	2
"E1324_629"	0	0	2	0	2	2	0	0	1	0	0	0	0	1	0	0	0	1	2
"E1839_336"	2	2	0	2	2	0	0	0	0	2	0	0	0	0	0	0	0	2	2
"E973_228"	1	1	2	0	2	2	1	0	0	2	0	0	0	0	0	2	0	2	2
"E38_31"	0	0	0	0	0	0	2	0	0	2	0	0	0	0	0	2	2	1	2
"E59_681"	2	2	0	2	0	0	2	2	0	2	2	2	1	0	1	0	0	2	2
"E1636_784"	0	0	2	0	2	2	0	0	1	0	0	0	0	1	0	0	0	2	2
"E1437_241"	2	2	2	2	2	2	0	0	0	2	0	0	0	0	0	0	0	2	2
"E37_593"	0	0	2	0	2	2	0	0	1	0	0	0	0	1	0	0	0	2	2
"E1496_198"	0	0	2	2	2	2	0	0	1	2	0	0	0	0	0	0	0	2	2
"E1619_714"	0	0	2	0	2	2	0	0	1	0	0	0	0	1	0	0	0	2	2
"E7_697"	0	0	2	0	2	2	0	0	1	0	0	0	0	1	0	0	0	2	1
"E1692_585"	2	2	0	2	0	0	2	2	0	2	2	2	1	0	1	0	0	2	2
"E1111_381"	2	2	0	2	2	0	2	2	0	2	0	0	0	0	0	0	0	2	2
"E1768_507"	0	0	2	0	2	2	0	0	1	0	0	0	0	1	0	0	0	2	2
"E1303_476"	2	2	0	2	0	0	2	2	0	2	2	2	1	0	1	0	0	2	2
"E632_727"	2	2	0	2	0	0	2	2	0	1	2	2	1	0	1	0	0	2	2
"E880_391"	2	2	0	2	2	0	2	1	0	2	0	0	0	0	0	0	0	2	2
"E586_6"	0	0	0	0	0	0	0	0	0	0	0	0	0	0	0	0	2	0	0
"E119_549"	2	2	0	2	0	0	2	2	0	2	2	2	1	0	1	0	0	2	2
"E57_719"	0	0	2	0	2	2	0	0	1	0	0	0	0	1	0	0	0	1	2
"E1236_630"	2	2	0	2	0	0	2	2	0	2	2	2	1	0	1	0	0	2	2
"E1896_709"	2	2	0	2	0	0	2	2	0	2	2	2	1	0	1	0	0	2	2
"E1713_149"	0	0	2	2	2	0	2	0	0	2	0	0	0	0	0	2	0	2	2
"E1681_291"	0	0	2	0	2	1	0	0	1	0	0	0	0	1	0	0	0	2	2
"E1299_162"	0	0	2	2	2	0	1	0	0	2	0	0	0	0	0	2	0	2	2
"E654_183"	0	0	2	2	2	2	0	0	1	1	0	0	0	0	0	2	0	2	2
"E29_343"	2	2	0	2	2	0	0	0	0	2	0	0	0	0	0	0	0	2	2
"E100_667"	2	2	0	2	0	0	2	2	0	2	2	2	1	0	1	0	0	2	2
"E338_92"	0	0	0	0	0	0	2	0	0	2	0	0	0	0	0	2	0	2	2
"E704_238"	2	2	2	2	2	2	0	0	0	1	0	0	0	0	0	0	0	2	2
"E885_369"	0	0	2	0	2	2	0	0	1	0	0	0	0	1	0	0	0	1	2
"E71_405"	2	2	0	2	2	0	0	0	0	2	0	0	0	0	0	0	0	2	2
"E1115_93"	0	0	1	0	0	0	2	0	0	2	0	0	0	0	0	2	0	2	1
"E730_39"	0	0	0	0	0	0	2	0	0	2	0	0	0	0	0	2	2	2	2
"E1624_645"	0	0	2	0	2	2	0	0	1	0	0	0	0	1	0	0	0	2	1
"E1355_693"	0	0	2	0	2	2	0	0	1	0	0	0	0	1	0	0	0	2	2
"E32_227"	2	2	2	2	2	2	0	0	0	2	0	0	0	0	0	0	0	2	2
"E1693_369"	0	0	2	0	2	2	0	0	1	0	0	0	0	1	0	0	0	2	2
"E626_529"	0	0	1	0	2	1	0	0	1	0	0	0	0	1	0	0	0	2	2
"E1320_711"	2	2	0	2	0	0	2	2	0	2	2	2	1	0	1	0	0	2	2
"E1585_248"	0	0	1	0	2	2	0	0	1	0	0	0	0	1	0	0	0	2	2
"E747_657"	0	0	2	0	2	2	0	0	1	0	0	0	0	1	0	0	0	2	2
"E1388_390"	0	0	1	0	2	2	0	0	1	0	0	0	0	1	0	0	0	2	2
"E319_143"	0	0	2	1	2	0	2	0	0	2	0	0	0	0	0	0	0	2	2
"E568_418"	2	2	0	2	0	0	2	2	0	1	2	2	1	0	1	0	0	2	2
"E114_166"	0	0	2	1	2	0	2	0	0	2	0	0	0	0	0	0	0	2	2
"E1136_650"	2	2	0	2	0	0	2	2	0	2	2	2	1	0	1	0	0	2	2
"E1955_328"	0	0	2	0	2	2	0	0	1	0	0	0	0	1	0	0	0	1	2
"E1445_474"	0	0	2	0	2	2	0	0	1	0	0	0	0	1	0	0	0	2	1
"E594_701"	0	0	2	0	2	2	0	0	1	0	0	0	0	1	0	0	0	2	1
"E1290_119"	0	0	0	1	1	0	2	0	0	2	0	0	0	0	0	2	0	2	2
"E797_250"	0	0	2	0	2	2	0	0	1	2	0	0	0	0	0	0	0	2	2
"E225_368"	2	2	0	2	2	0	0	0	0	2	0	0	0	0	0	0	0	2	2
"E168_137"	0	0	2	2	2	0	2	0	0	1	0	0	0	0	0	2	0	2	2
"E1775_376"	2	2	0	2	2	0	2	2	0	2	0	0	0	0	0	0	0	2	2
"E1468_472"	2	2	0	2	0	0	2	2	0	2	2	2	1	0	1	0	0	2	2
"E1789_94"	0	0	0	0	0	0	2	0	0	2	0	0	0	0	0	2	1	1	2
"E1362_662"	2	2	0	2	0	0	2	2	0	2	2	2	1	0	1	0	0	1	2
"E384_175"	0	0	2	2	2	2	0	0	1	2	0	0	0	0	0	0	0	2	2
"E507_744"	0	0	2	0	2	2	0	0	1	0	0	0	0	1	0	0	0	2	2
"E894_373"	2	2	0	2	2	0	0	0	0	2	0	0	0	0	0	0	0	2	2
"E1592_152"	0	0	2	2	2	0	2	0	0	1	0	0	0	0	0	2	0	2	2
"E834_796"	0	0	2	0	2	2	0	0	1	0	0	0	0	1	0	0	0	2	2
"E1198_713"	2	2	0	2	0	0	2	1	0	2	2	2	1	0	1	0	0	1	2
"E757_521"	2	2	0	2	0	0	2	2	0	2	2	2	1	0	1	0	0	2	2
"E150_782"	2	2	0	2	0	0	2	2	0	2	2	2	1	0	1	0	0	2	2
"E1644_448"	2	2	0	2	2	0	2	2	0	2	0	0	0	0	0	0	0	2	2
"E443_357"	2	2	0	2	2	0	2	2	0	2	0	0	0	0	0	0	0	2	2
"E860_310"	2	2	0	2	2	0	1	1	0	2	0	0	0	0	0	0	0	2	2
"E683_395"	2	2	0	2	1	0	2	2	0	1	1	1	0	0	1	0	0	2	2
"E1776_314"	2	2	0	2	2	0	0	0	0	2	0	0	0	0	0	0	0	2	2
"E1450_314"	2	2	0	2	2	0	0	0	0	2	0	0	0	0	0	0	0	2	2
"E1341_383"	2	2	0	2	2	0	0	0	0	2	0	0	0	0	0	0	0	2	2
"E895_142"	0	0	2	2	2	0	2	0	0	2	0	0	0	0	0	1	0	2	2
"E415_10"	0	0	0	0	0	0	2	0	0	1	0	0	0	0	0	2	2	1	2
"E1403_381"	2	2	0	2	2	0	1	2	0	2	0	0	0	0	0	0	0	2	2
"E1132_625"	0	0	2	0	2	2	0	0	1	0	0	0	0	1	0	0	0	2	2
"E1643_356"	0	1	2	0	2	1	0	0	0	0	0	0	0	0	0	0	0	2	2
"E1494_315"	2	2	0	2	2	0	0	0	0	2	0	0	0	0	0	0	0	2	2
"E421_358"	0	0	2	0	2	2	0	0	1	0	0	0	0	1	0	0	0	2	2
"E633_340"	0	0	2	0	2	1	0	0	1	0	0	0	0	1	0	0	0	2	2
"E638_462"	2	2	0	2	2	0	2	2	0	2	0	0	0	0	0	0	0	2	2
"E1345_742"	0	0	2	0	2	1	0	0	1	0	0	0	0	1	0	0	0	1	2
"E1802_653"	0	0	1	0	2	2	0	0	1	0	0	0	0	1	0	0	0	2	2
"E944_155"	0	0	2	2	1	0	2	0	0	2	0	0	0	0	0	0	0	2	2
"E1255_514"	2	2	0	2	0	0	2	2	0	2	2	2	1	0	0	0	0	2	2
"E754_372"	2	2	0	2	2	0	2	1	0	2	0	0	0	0	0	0	0	2	2
"E929_495"	2	2	0	2	0	0	2	2	0	2	2	2	1	0	1	0	0	2	2
"E1363_490"	0	0	2	0	2	2	0	0	1	0	0	0	0	1	0	0	0	2	2
"E1607_637"	0	0	2	0	2	2	0	0	1	0	0	0	0	1	0	0	0	2	2
"E769_582"	2	2	0	2	0	0	2	2	0	2	2	2	1	0	1	0	0	2	2
"E98_679"	0	0	2	0	2	2	0	0	1	0	0	0	0	1	0	0	0	2	2
"E156_137"	0	0	1	1	2	0	2	0	0	2	0	0	0	0	0	2	0	2	2
"E1929_239"	2	2	2	2	2	2	0	0	0	2	0	0	0	0	0	0	0	2	2
"E1641_622"	2	2	0	2	0	0	2	2	0	1	2	2	1	0	1	0	0	2	2
"E1792_547"	2	2	0	2	0	0	2	2	0	2	2	2	1	0	1	0	0	2	2
"E1774_176"	0	0	1	2	2	0	2	0	0	2	0	0	0	0	0	1	0	2	1
"E10_242"	2	2	2	1	2	2	0	0	0	2	0	0	0	0	0	0	0	2	2
"E34_399"	2	2	0	2	2	0	2	2	0	2	0	0	0	0	0	0	0	1	2
"E1361_380"	2	2	0	2	2	0	2	2	0	2	0	0	0	0	0	0	0	2	2
"E1524_148"	0	0	2	1	2	0	2	0	0	2	0	0	0	0	0	2	1	2	2
"E1109_476"	2	2	0	2	0	0	2	2	0	2	2	2	1	0	1	0	0	2	2
"E422_762"	2	2	0	2	0	0	2	2	0	2	2	2	1	0	1	0	0	2	2
"E799_184"	2	2	2	2	1	1	1	0	0	2	0	0	0	0	0	0	0	2	2
"E565_772"	0	0	2	0	2	2	0	0	1	0	0	0	0	1	0	0	0	2	2
"E1366_648"	0	0	2	0	2	2	0	0	1	0	0	0	0	1	0	0	0	2	2
"E1000_636"	2	2	0	2	0	0	2	2	0	2	2	2	1	0	1	0	0	2	2
"E1820_274"	2	2	1	2	2	2	0	0	0	2	0	0	0	0	0	0	0	1	2
"E439_388"	2	2	1	2	2	1	0	0	0	2	0	0	0	0	0	0	0	2	2
"E350_735"	2	2	0	2	0	0	2	2	0	1	2	2	1	0	1	0	0	2	2
"E893_217"	2	2	2	2	2	2	0	0	0	2	0	0	0	0	0	0	0	2	2
"E1121_715"	0	0	2	0	2	2	0	0	1	0	0	0	0	1	0	0	0	2	2
"E1640_453"	0	0	2	0	2	2	0	0	1	0	0	0	0	1	0	0	0	2	1
"E789_541"	0	0	2	0	2	2	0	0	1	0	0	0	0	1	0	0	0	2	1
"E335_231"	2	2	2	2	2	2	0	0	0	2	0	0	0	0	0	0	0	2	2
"E1877_261"	2	2	0	2	2	0	2	0	0	2	0	0	0	0	0	0	0	2	2
"E1785_558"	2	2	0	2	0	0	2	2	0	2	2	2	1	0	1	0	0	2	2
"E1169_24"	0	0	0	0	0	0	2	0	0	1	0	0	0	0	0	2	2	2	2
"E549_767"	0	0	2	0	2	2	0	0	1	0	0	0	0	1	0	0	0	2	2
"E397_704"	0	0	2	0	2	2	0	0	1	0	0	0	0	1	0	0	0	1	2
"E471_554"	2	2	0	2	0	0	2	2	0	2	1	2	1	0	1	0	0	2	2
"E262_603"	2	2	0	2	0	0	2	2	0	2	2	2	1	0	1	0	0	2	2
"E553_793"	2	2	0	2	0	0	2	2	0	2	2	2	1	0	1	0	0	2	2
"E767_756"	0	0	2	0	2	2	0	0	1	0	0	0	0	1	0	0	0	1	2
"E1189_140"	0	0	2	2	2	0	2	0	0	2	0	0	0	0	0	2	0	2	2
"E673_437"	2	2	0	2	2	0	2	2	0	2	0	0	0	0	0	0	0	2	2
"E1204_788"	2	2	0	2	0	0	2	2	0	2	2	2	1	0	1	0	0	2	2
"E1238_95"	0	0	0	0	2	0	2	0	0	2	0	0	0	0	0	2	2	2	2
"E1885_64"	0	0	0	0	0	0	2	0	0	2	0	0	0	0	0	2	0	2	2
"E441_330"	0	0	0	0	2	1	0	0	1	2	0	0	0	0	0	0	0	2	2
"E198_256"	2	2	1	2	2	2	0	0	0	2	0	0	0	0	0	0	0	2	2
"E580_426"	2	2	0	2	2	0	2	2	0	2	0	0	0	0	0	0	0	2	2
"E1834_415"	2	2	0	2	0	0	2	1	0	2	2	2	1	0	1	0	0	2	2
"E776_641"	2	2	0	2	0	0	2	2	0	2	2	2	1	0	1	0	0	2	2
"E1847_617"	0	0	2	0	2	2	0	0	1	0	0	0	0	1	0	0	0	2	2
"E615_778"	2	2	0	2	0	0	2	2	0	2	2	2	1	0	1	0	0	2	2
"E228_16"	0	0	0	0	0	0	2	0	0	2	0	0	0	0	0	2	2	2	1
"E1570_80"	0	0	1	0	0	0	2	0	0	2	0	0	0	0	0	2	0	2	2
"E701_480"	2	2	0	2	0	0	2	2	0	2	2	2	1	0	1	0	0	2	2
"E768_628"	0	0	2	0	2	2	0	0	1	0	0	0	0	1	0	0	0	1	2
"E1203_197"	0	0	1	1	2	2	2	0	1	1	0	0	0	0	0	0	0	2	1
"E171_71"	0	0	1	0	0	0	2	0	0	2	0	0	0	0	0	2	2	2	2
"E194_357"	2	2	0	2	2	0	2	2	0	2	0	0	0	0	0	0	0	2	2
"E775_631"	0	0	2	0	2	2	0	0	1	0	0	0	0	1	0	0	0	2	2
"E1840_791"	0	0	2	0	2	2	0	0	1	0	0	0	0	1	0	0	0	2	2
"E561_118"	0	0	2	2	0	0	2	0	0	2	0	0	0	0	0	2	0	1	2
"E926_548"	0	0	2	0	2	2	0	0	1	0	0	0	0	1	0	0	0	2	2
"E969_237"	0	0	2	0	2	2	0	0	1	2	0	0	0	0	0	0	0	1	2
"E110_797"	2	2	0	2	0	0	2	2	0	2	2	2	1	0	1	0	0	2	2
"E662_138"	0	0	1	0	1	0	2	0	0	2	0	0	0	0	0	2	0	2	2
"E1474_234"	0	0	2	0	2	2	0	0	1	1	0	0	0	0	0	0	0	2	1
"E590_34"	0	0	0	0	0	0	2	0	0	2	0	0	0	0	0	2	2	1	2
"E666_602"	2	2	0	2	0	0	2	2	0	2	2	2	1	0	1	0	0	2	2
"E640_50"	0	0	0	0	0	0	2	0	0	2	0	0	0	0	0	2	2	2	2
"E467_107"	0	0	1	0	1	0	2	0	0	2	0	0	0	0	0	2	2	2	2
"E1849_535"	2	2	0	2	0	0	2	2	0	2	2	2	1	0	1	0	0	2	2
"E288_559"	0	0	2	0	1	2	0	0	1	0	0	0	0	1	0	0	0	2	2
"E1208_87"	0	0	0	0	1	0	2	0	0	2	0	0	0	0	0	2	1	2	2
"E285_667"	2	2	0	2	0	0	2	2	0	2	2	2	1	0	1	0	0	2	1
"E822_495"	2	2	0	2	0	0	2	2	0	2	2	2	1	0	1	0	0	2	2
"E1191_299"	2	2	0	2	2	0	0	1	0	2	0	0	0	0	0	0	0	2	2
"E829_28"	0	0	0	0	0	0	2	0	0	2	0	0	0	0	0	2	2	2	2
"E1773_424"	2	2	0	2	2	0	1	0	0	2	0	0	0	0	0	0	0	2	2
"E1521_409"	0	0	2	0	2	2	0	0	1	0	0	0	0	1	0	0	0	2	2
"E1759_113"	0	0	2	0	0	0	2	0	0	2	0	0	0	0	0	2	0	2	2
"E711_169"	2	2	2	2	2	0	2	1	0	2	0	0	0	0	0	0	0	2	2
"E1577_72"	0	0	0	0	1	0	2	0	0	2	0	0	0	0	0	2	1	2	2
"E1556_278"	0	0	2	0	2	1	0	0	1	0	0	0	0	1	0	0	0	2	2
"E1240_377"	2	2	0	2	1	0	2	2	0	2	0	0	0	0	0	0	0	2	2
"E910_596"	0	0	2	0	2	2	0	0	1	0	0	0	0	1	0	0	0	2	2
"E200_237"	1	1	2	0	2	2	0	0	0	2	0	0	0	0	0	0	0	2	2
"E780_72"	0	0	0	0	0	0	2	0	0	2	0	0	0	0	0	2	2	2	2
"E531_433"	2	2	0	2	2	0	2	2	0	2	0	0	0	0	0	0	0	2	2
"E1760_745"	2	2	0	2	0	0	2	2	0	2	2	2	1	0	1	0	0	2	2
"E725_693"	2	2	0	2	0	0	2	2	0	2	2	2	1	0	1	0	0	2	2
"E300_171"	0	0	2	2	2	0	2	0	0	2	0	0	0	0	0	0	0	2	2
"E835_21"	0	0	0	0	0	0	1	0	0	2	0	0	0	0	0	2	2	1	2
"E1517_169"	0	0	2	2	2	0	2	0	0	2	0	0	0	0	0	2	0	2	2
"E376_304"	2	2	2	2	2	2	0	0	0	2	0	0	0	0	0	0	0	1	2
"E132_308"	2	2	0	2	2	0	0	0	0	2	0	0	0	0	0	0	0	1	2
"E903_704"	0	0	2	0	2	2	0	0	1	0	0	0	0	1	0	0	0	2	2
"E1989_202"	0	0	2	0	2	0	2	0	0	2	0	0	0	0	0	0	0	2	2
"E316_109"	0	0	2	2	2	0	2	0	0	2	0	0	0	0	0	2	0	2	2
"E1051_360"	0	0	2	0	2	2	0	0	1	1	0	0	0	0	0	0	0	2	2
"E692_579"	0	0	2	0	2	2	0	0	1	0	0	0	0	1	0	0	0	2	2
"E993_581"	2	2	0	2	0	0	2	2	0	1	2	0	0	0	1	0	0	2	2
"E28_735"	2	2	0	2	0	0	2	2	0	2	2	2	1	0	1	0	0	2	2
"E193_562"	0	0	2	0	2	2	0	0	1	0	0	0	0	1	0	0	0	2	2
"E1899_772"	2	2	0	2	0	0	2	2	0	2	2	2	1	0	1	0	0	2	2
"E923_115"	0	0	2	1	1	0	2	0	0	2	0	0	0	0	0	2	0	2	2
"E1070_395"	2	2	0	2	2	0	2	1	0	2	0	0	0	0	0	0	0	2	2
"E70_696"	0	0	2	0	2	2	0	0	1	0	0	0	0	1	0	0	0	2	1
"E1485_756"	0	0	2	0	2	2	0	0	1	0	0	0	0	1	0	0	0	2	2
"E837_484"	0	0	2	0	2	2	0	0	1	0	0	0	0	1	0	0	0	2	2
"E1471_559"	0	0	2	0	2	2	0	0	1	0	0	0	0	1	0	0	0	1	2
"E1391_350"	0	0	2	0	2	2	0	0	1	0	0	0	0	1	0	0	0	2	2
"E1817_736"	2	2	0	2	0	0	2	2	0	2	2	2	1	0	1	0	0	2	2
"E108_534"	0	0	2	0	2	2	0	0	1	0	0	0	0	1	0	0	0	2	2
"E1842_660"	2	2	0	2	0	0	2	2	0	2	2	2	1	0	1	0	0	2	2
"E812_63"	0	0	0	0	0	0	2	0	0	2	0	0	0	0	0	2	2	2	1
"E1813_363"	0	0	2	0	2	2	0	0	1	0	0	0	0	1	0	0	0	1	2
"E1246_86"	0	0	1	0	1	0	2	0	0	2	0	0	0	0	0	2	0	2	2
"E1020_681"	2	2	0	2	0	0	2	2	0	2	2	2	1	0	1	0	0	2	2
"E374_96"	0	0	1	0	0	0	2	0	0	2	0	0	0	0	0	2	0	1	2
"E1999_549"	0	0	2	0	2	2	0	0	1	0	0	0	0	1	0	0	0	2	2
"E2_125"	0	0	2	1	0	0	2	0	0	2	0	0	0	0	0	2	0	2	2
"E851_615"	0	0	2	0	2	2	0	0	1	0	0	0	0	1	0	0	0	2	2
"E1921_255"	0	0	2	0	2	2	0	0	1	2	0	0	0	0	0	0	0	2	2
"E1805_607"	2	2	0	2	0	0	2	2	0	2	2	2	1	0	1	0	0	2	2
"E1321_151"	0	0	2	1	2	0	2	0	0	2	0	0	0	0	0	2	0	2	2
"E1827_164"	0	0	2	0	2	0	2	0	0	2	0	0	0	0	0	2	0	2	2
"E1878_711"	2	2	0	2	0	0	2	2	0	2	2	1	1	0	1	0	0	2	2
"E1454_693"	2	2	0	2	0	0	2	2	0	2	2	2	1	0	1	0	0	2	2
"E351_343"	2	2	0	2	2	0	2	2	0	2	0	0	0	0	0	0	0	2	2
"E1275_493"	2	2	0	2	2	0	2	2	0	2	0	0	0	0	0	0	0	2	2
"E1444_614"	2	2	0	2	0	0	2	2	0	2	2	2	1	0	1	0	0	2	2
"E54_327"	0	0	2	0	2	2	0	0	1	0	0	0	0	1	0	0	0	2	2
"E1765_228"	2	2	2	2	2	2	0	0	0	2	0	0	0	0	0	0	0	2	1
"E1631_533"	2	2	0	2	0	0	2	2	0	2	2	2	1	0	1	0	0	2	2
"E1262_652"	0	0	2	0	2	2	0	0	1	0	0	0	0	1	0	0	0	2	2
"E5_558"	0	0	2	0	2	2	0	0	1	0	0	0	0	1	0	0	0	2	2
"E230_596"	2	2	0	2	0	0	2	2	0	1	2	2	1	0	1	0	0	2	2
"E67_665"	2	2	0	2	0	0	2	2	0	2	2	2	1	0	1	0	0	2	2
"E1848_433"	0	0	2	0	2	2	0	0	1	0	0	0	0	1	0	0	0	2	2
"E847_113"	0	0	0	1	2	0	2	0	0	2	0	0	0	0	0	2	0	2	2
"E584_677"	2	2	0	2	0	0	2	2	0	2	2	2	1	0	1	0	0	2	2
"E898_296"	0	0	2	0	2	2	0	0	1	0	0	0	0	1	0	0	0	2	2
"E1340_206"	1	1	2	2	2	1	2	0	0	2	0	0	0	0	0	0	0	2	2
"E1049_749"	2	2	0	2	0	0	2	2	0	2	2	2	1	0	1	0	0	2	2
"E1605_292"	0	0	2	0	2	2	0	0	1	0	0	0	0	0	0	0	0	2	2
"E887_193"	0	0	2	2	2	2	0	0	1	2	0	0	0	0	0	0	0	2	2
"E1336_657"	2	2	0	2	0	0	2	2	0	2	2	2	1	0	1	0	0	2	2
"E481_664"	2	2	0	2	0	0	2	2	0	2	2	2	1	0	1	0	0	2	1
"E1841_521"	0	0	2	0	2	2	0	0	1	0	0	0	0	1	0	0	0	2	2
"E818_587"	0	0	2	0	2	2	0	0	1	0	0	0	0	1	0	0	0	2	2
"E499_752"	0	0	2	0	2	2	0	0	1	0	0	0	0	1	0	0	0	2	2
"E681_227"	2	2	2	2	2	2	0	0	0	1	0	0	0	0	0	0	0	2	2
"E836_119"	0	0	1	0	0	0	2	0	0	2	0	0	0	0	0	2	0	2	2
"E804_156"	0	0	1	2	2	0	2	0	0	2	0	0	0	0	0	2	0	2	2
"E1536_644"	0	0	2	0	2	2	0	0	1	0	0	0	0	1	0	0	0	2	2
"E1306_184"	1	0	2	2	2	1	0	0	0	2	0	0	0	0	0	2	0	2	2
"E1119_778"	2	2	0	2	0	0	2	2	0	2	2	2	1	0	1	0	0	2	2
"E1276_532"	2	2	0	2	0	0	2	2	0	2	2	2	1	0	1	0	0	2	2
"E691_290"	0	0	2	0	2	2	0	0	1	0	0	0	0	1	0	0	0	2	2
"E1147_319"	0	0	2	0	2	2	0	0	1	0	0	0	0	1	0	0	0	2	2
"E1414_455"	2	2	0	2	0	0	2	2	0	2	2	2	1	0	1	0	0	2	2
"E479_599"	0	0	2	0	2	2	0	0	1	0	0	0	0	1	0	0	0	1	2
"E1532_442"	0	0	2	0	2	2	0	0	1	0	0	0	0	1	0	0	0	1	2
"E1983_34"	0	0	0	0	0	0	2	0	0	2	0	0	0	0	0	2	2	1	1
"E1924_165"	0	0	2	0	2	0	2	0	0	2	0	0	0	0	0	0	0	2	2
"E373_558"	2	2	0	2	0	0	2	2	0	2	2	1	1	0	1	0	0	2	2
"E1021_426"	2	2	0	2	2	0	2	2	0	2	0	0	0	0	0	0	0	2	2
"E367_170"	0	0	1	0	2	0	2	0	0	2	0	0	0	0	0	0	0	2	2
"E1950_103"	0	0	0	1	1	0	2	0	0	2	0	0	0	0	0	2	0	2	2
"E888_515"	2	2	0	2	0	0	2	2	0	2	2	2	1	0	1	0	0	2	2
"E1039_86"	0	0	2	0	2	0	2	0	0	2	0	0	0	0	0	2	2	2	2
"E648_647"	2	2	0	2	0	0	1	2	0	2	2	2	1	0	1	0	0	2	2
"E871_141"	0	0	2	2	2	0	2	0	0	2	0	0	0	0	0	2	0	2	1
"E24_367"	2	2	0	2	2	0	1	2	0	2	0	0	0	0	0	0	0	2	2
"E274_401"	2	2	0	2	2	0	0	0	0	2	0	0	0	0	0	0	0	2	2
"E1652_431"	2	2	0	2	2	0	2	2	0	2	0	0	0	0	0	0	0	2	2
"E1621_769"	0	0	2	0	2	2	0	0	1	0	0	0	0	1	0	0	0	1	2
"E1053_681"	2	2	0	2	0	0	2	2	0	2	2	2	1	0	1	0	0	2	2
"E1184_453"	2	2	0	2	0	0	2	2	0	2	2	2	1	0	1	0	0	2	2
"E1308_540"	0	0	2	0	2	2	0	0	1	0	0	0	0	1	0	0	0	2	2
"E687_426"	0	0	2	0	2	2	0	0	1	0	0	0	0	1	0	0	0	2	2
"E772_71"	0	0	0	0	0	0	2	0	0	2	0	0	0	0	0	2	1	2	1
"E257_10"	0	0	0	0	0	0	1	0	0	1	0	0	0	0	0	1	2	2	1
"E1384_53"	0	0	0	0	0	0	2	0	0	2	0	0	0	0	0	2	2	2	2
"E1350_588"	2	2	0	2	0	0	2	2	0	2	2	2	1	0	1	0	0	2	2
"E1333_628"	2	2	0	2	0	0	2	2	0	2	2	2	1	0	1	0	0	2	2
"E258_626"	2	2	0	2	0	0	2	2	0	2	2	2	1	0	1	0	0	2	2
"E1980_729"	0	0	2	0	2	2	0	0	1	0	0	0	0	1	0	0	0	2	2
"E732_15"	0	0	0	0	0	0	2	0	0	2	0	0	0	0	0	2	2	2	2
"E914_58"	0	0	0	0	0	0	2	0	0	2	0	0	0	0	0	2	2	2	2
"E1886_75"	0	0	0	0	0	0	2	0	0	2	0	0	0	0	0	2	2	2	2
"E1282_366"	0	0	2	0	2	2	0	0	1	0	0	0	0	1	0	0	0	2	2
"E103_647"	2	2	0	2	0	0	2	2	0	2	2	2	1	0	1	0	0	2	2
"E878_564"	0	0	2	0	2	2	0	0	1	0	0	0	0	1	0	0	0	2	2
"E1816_531"	0	0	2	0	2	2	0	0	1	0	0	0	0	1	0	0	0	2	2
"E1546_394"	2	2	0	2	2	0	2	2	0	2	0	0	0	0	0	0	0	2	2
"E1223_652"	0	0	2	0	2	2	0	0	1	0	0	0	0	1	0	0	0	2	2
"E779_794"	2	2	0	2	0	0	2	2	0	2	2	2	1	0	1	0	0	2	2
"E742_238"	2	2	2	2	2	2	1	0	0	2	0	0	0	0	0	0	0	2	2
"E693_129"	0	0	1	2	2	0	2	0	0	2	0	0	0	0	0	2	0	2	2
"E1064_686"	2	2	0	2	0	0	2	2	0	2	2	2	1	0	1	0	0	2	2
"E1720_675"	0	0	2	0	2	2	0	0	1	0	0	0	0	1	0	0	0	2	2
"E1405_650"	2	2	0	2	0	0	2	2	0	2	2	2	1	0	1	0	0	2	2
"E1633_642"	0	0	2	0	2	2	0	0	1	0	0	0	0	1	0	0	0	2	2
"E524_722"	2	2	0	2	0	0	2	2	0	2	2	2	1	0	1	0	0	2	2
"E1230_769"	0	0	2	0	2	2	0	0	1	0	0	0	0	1	0	0	0	2	2
"E841_620"	2	2	0	2	0	0	2	2	0	2	2	2	1	0	1	0	0	2	2
"E1380_558"	2	2	0	2	0	0	2	2	0	2	2	2	1	0	1	0	0	2	2
"E1801_47"	0	0	0	0	0	0	2	0	0	2	0	0	0	0	0	2	2	2	2
"E931_188"	0	0	2	0	2	1	1	0	1	2	0	0	0	0	0	0	0	2	2
"E669_664"	2	2	0	2	0	0	2	2	0	2	2	2	1	0	1	0	0	2	2
"E1867_642"	2	2	0	2	0	0	2	2	0	2	2	2	1	0	1	0	0	2	2
"E1326_173"	0	0	2	2	2	0	2	0	0	2	0	0	0	0	0	2	0	2	2
"E1542_316"	0	0	2	0	2	2	0	0	1	0	0	0	0	1	0	0	0	2	0
"E718_431"	0	0	2	0	2	2	0	0	1	0	0	0	0	1	0	0	0	2	2
"E1734_260"	2	2	2	2	2	2	0	0	0	2	0	0	0	0	0	0	0	2	2
"E1047_268"	2	2	2	2	2	2	0	0	0	2	0	0	0	0	0	0	0	2	2
"E1594_407"	2	2	0	2	2	0	2	2	0	2	0	0	0	0	0	0	0	2	2
"E1596_228"	2	2	2	2	2	2	0	0	0	2	0	0	0	0	0	0	0	1	2
"E966_438"	0	0	2	0	2	2	0	0	1	0	0	0	0	1	0	0	0	2	2
"E1678_210"	0	0	1	0	2	2	1	0	0	2	0	0	0	0	0	0	0	2	2
"E613_547"	2	2	0	2	0	0	2	2	0	2	2	2	1	0	1	0	0	2	2
"E362_485"	0	0	2	0	2	2	0	0	1	0	0	0	0	1	0	0	0	2	2
"E494_496"	0	0	2	0	2	2	0	0	1	0	0	0	0	1	0	0	0	2	2
"E175_783"	2	2	0	2	0	0	2	2	0	2	2	2	1	0	1	0	0	2	2
"E1901_391"	2	2	0	2	2	0	0	0	0	2	0	0	0	0	0	0	0	2	2
"E814_604"	2	2	0	2	0	0	2	2	0	2	2	2	1	0	0	0	0	2	2
"E1812_358"	0	0	2	0	2	2	0	0	1	0	0	0	0	1	0	0	0	2	2
"E211_196"	0	0	2	2	2	0	2	0	0	2	0	0	0	0	0	2	0	2	2
"E1687_427"	2	2	0	2	0	0	2	2	0	2	2	2	1	0	1	0	0	2	2
"E1328_780"	2	2	0	2	0	0	2	2	0	2	2	2	1	0	1	0	0	2	2
"E1593_455"	0	0	2	0	2	2	0	0	1	0	0	0	0	1	0	0	0	2	2
"E1959_251"	0	0	2	0	2	2	0	0	0	2	0	0	0	0	0	0	0	2	2
"E1782_688"	0	0	2	0	2	2	0	0	1	0	0	0	0	1	0	0	0	2	2
"E1512_392"	2	2	0	2	2	0	2	1	0	2	0	0	0	0	0	0	0	2	2
"E525_712"	2	2	0	2	0	0	2	2	0	2	2	2	1	0	1	0	0	2	2
"E682_333"	2	0	0	1	2	0	0	0	0	1	0	0	0	0	0	0	0	2	2
"E862_287"	2	2	0	2	2	0	0	0	0	2	0	0	0	0	0	0	0	2	2
"E1529_621"	0	0	2	0	2	2	0	0	1	0	0	0	0	1	0	0	0	2	2
"E265_376"	0	0	2	0	2	2	0	0	1	0	0	0	0	1	0	0	0	2	2
"E455_726"	2	2	0	2	0	0	2	2	0	1	2	2	1	0	1	0	0	2	2
"E1344_407"	2	2	0	2	2	0	0	0	0	2	0	0	0	0	0	0	0	2	2
"E116_781"	0	0	2	0	2	2	0	0	1	0	0	0	0	1	0	0	0	2	2
"E726_247"	2	2	2	2	2	2	0	0	0	2	0	0	0	0	0	0	0	2	2
"E277_81"	0	0	0	0	1	0	2	0	0	2	0	0	0	0	0	2	1	2	1
"E1398_510"	2	2	0	2	0	0	2	2	0	2	2	2	1	0	1	0	0	2	2
"E537_266"	1	1	2	2	2	2	1	0	0	2	0	0	0	0	0	0	0	2	2
"E1683_67"	0	0	0	0	0	0	2	0	0	2	0	0	0	0	0	2	2	2	2
"E936_311"	0	0	2	0	2	2	0	0	1	0	0	0	0	1	0	0	0	2	2
"E1987_210"	2	2	2	2	2	0	2	0	0	2	0	0	0	0	0	0	0	2	2
"E1400_208"	0	0	2	1	2	2	0	0	0	2	0	0	0	0	0	0	0	2	2
"E1487_571"	2	2	0	2	0	0	2	2	0	1	2	2	1	0	1	0	0	1	2
"E1581_228"	2	2	2	2	2	1	0	1	0	2	0	0	0	0	0	0	0	2	2
"E77_61"	0	0	0	0	0	0	2	0	0	2	0	0	0	0	0	2	1	2	2
"E1781_232"	2	2	1	1	2	1	0	0	0	2	0	0	0	0	0	0	0	2	2
"E1108_304"	2	2	0	2	2	0	2	1	0	2	0	0	0	0	0	0	0	2	2
"E1397_398"	2	2	0	2	2	0	2	2	0	2	1	1	1	0	0	0	0	2	2
"E1465_554"	2	2	0	2	0	0	2	2	0	2	2	2	1	0	1	0	0	2	2
"E1985_377"	0	0	2	0	2	2	0	0	1	0	0	0	0	1	0	0	0	2	2
"E1809_464"	2	2	0	2	0	0	2	2	0	2	1	2	1	0	1	0	0	2	2
"E839_635"	2	2	0	2	0	0	2	2	0	2	2	2	1	0	1	0	0	2	2
"E902_225"	2	2	2	2	2	2	0	0	0	2	0	0	0	0	0	0	0	2	2
"E1167_733"	0	0	2	0	2	2	0	0	1	0	0	0	0	1	0	0	0	2	2
"E605_310"	0	0	2	0	2	2	0	0	1	2	0	0	0	0	0	0	0	1	2
"E509_555"	0	0	2	0	2	2	0	0	1	0	0	0	0	1	0	0	0	2	2
"E1426_195"	0	0	2	2	2	1	0	0	1	2	0	0	0	0	0	0	0	2	2
"E967_770"	2	2	0	2	0	0	2	2	0	2	2	2	1	0	1	0	0	2	2
"E607_20"	0	0	0	0	0	0	2	0	0	2	0	0	0	0	0	2	2	1	2
"E634_355"	2	2	0	2	2	0	2	2	0	2	0	0	0	0	0	0	0	2	2
"E560_319"	2	2	0	2	2	0	0	0	0	2	0	0	0	0	0	0	0	2	2
"E1492_236"	2	2	2	2	2	2	0	0	0	2	0	0	0	0	0	0	0	2	2
"E543_643"	0	0	2	0	2	2	0	0	1	0	0	0	0	1	0	0	0	1	2
"E685_566"	0	0	2	0	2	2	0	0	1	0	0	0	0	1	0	0	0	2	2
"E1158_89"	0	0	0	1	2	0	2	0	0	1	0	0	0	0	0	2	0	2	2
"E942_647"	2	2	0	2	0	0	2	2	0	1	2	2	1	0	1	0	0	2	2
"E891_247"	0	0	2	0	2	2	0	0	1	1	0	0	0	0	0	0	0	1	2
"E1934_354"	2	2	0	2	2	0	1	0	0	2	0	0	0	0	0	0	0	2	2
"E974_681"	0	0	2	0	2	2	0	0	1	0	0	0	0	1	0	0	0	2	2
"E1148_729"	2	2	0	2	0	0	2	2	0	2	2	2	1	0	1	0	0	2	2
"E1749_364"	2	2	0	2	2	1	0	0	0	1	0	0	0	0	0	0	0	2	2
"E1346_248"	2	2	2	1	2	2	0	0	0	2	0	0	0	0	0	0	0	2	1
"E121_303"	0	0	2	0	2	2	0	0	1	0	0	0	0	1	0	0	0	2	2
"E1890_776"	2	2	0	2	0	0	2	2	0	2	2	2	1	0	1	0	0	1	2
"E1464_439"	2	2	0	2	2	0	1	2	0	2	0	0	0	0	0	0	0	2	2
"E1571_63"	0	0	0	0	0	0	2	0	0	2	0	0	0	0	0	2	2	2	2
"E516_1"	0	0	0	0	0	0	0	0	0	0	0	0	0	0	0	0	2	0	0
"E1048_783"	2	2	0	2	0	0	2	2	0	2	2	2	1	0	1	0	0	2	1
"E416_644"	0	0	2	0	2	2	0	0	1	0	0	0	0	1	0	0	0	2	2
"E466_729"	2	2	0	2	0	0	2	2	0	2	2	2	1	0	1	0	0	2	1
"E238_574"	2	2	0	1	0	0	2	2	0	2	2	2	1	0	1	0	0	2	2
"E469_562"	0	0	2	0	2	2	0	0	1	0	0	0	0	1	0	0	0	2	2
"E363_251"	0	0	2	0	2	2	0	0	1	2	0	0	0	0	0	0	0	2	2
"E748_660"	0	0	2	0	2	2	0	0	1	0	0	0	0	1	0	0	0	2	2
"E75_18"	0	0	0	0	0	0	2	0	0	2	0	0	0	0	0	2	2	1	2
"E865_520"	2	2	0	2	0	0	2	2	0	2	2	1	1	0	1	0	0	2	1
"E473_416"	2	2	0	2	0	0	2	2	0	2	2	2	1	0	0	0	0	2	2
"E554_393"	0	0	2	0	2	2	0	0	1	0	0	0	0	1	0	0	0	2	2
"E1696_82"	0	0	0	0	2	0	2	0	0	2	0	0	0	0	0	2	0	2	2
"E185_747"	0	0	2	0	2	2	0	0	1	0	0	0	0	1	0	0	0	1	2
"E358_550"	0	0	2	0	2	2	0	0	1	0	0	0	0	1	0	0	0	2	2
"E750_445"	2	2	0	2	2	0	2	2	0	2	2	2	1	0	0	0	0	2	2
"E1699_730"	2	2	0	2	0	0	2	2	0	2	2	2	1	0	1	0	0	2	1
"E1314_734"	0	0	2	0	2	2	0	0	1	0	0	0	0	1	0	0	0	2	2
"E749_365"	0	0	1	0	2	2	0	0	1	0	0	0	0	1	0	0	0	2	2
"E459_598"	2	2	0	2	0	0	2	2	0	2	2	2	1	0	1	0	0	2	2
"E1157_357"	2	2	0	2	2	0	2	2	0	2	0	0	0	0	0	0	0	2	2
"E1523_787"	2	2	0	2	0	0	2	2	0	2	2	2	1	0	1	0	0	2	2
"E1280_490"	2	2	0	2	1	0	2	2	0	2	1	1	0	0	0	0	0	1	2
"E798_545"	2	2	0	2	0	0	2	2	0	2	1	2	1	0	1	0	0	1	2
"E1724_617"	2	2	0	2	0	0	2	2	0	2	2	2	1	0	1	0	0	2	2
"E223_739"	2	2	0	2	0	0	2	2	0	2	2	2	1	0	1	0	0	2	2
"E1087_617"	0	0	2	0	1	2	0	0	1	0	0	0	0	1	0	0	0	2	2
"E1090_759"	2	2	0	2	0	0	2	2	0	2	2	2	1	0	1	0	0	1	2
"E933_587"	2	2	0	2	0	0	2	2	0	2	2	2	1	0	1	0	0	2	2
"E364_58"	0	0	0	0	0	0	2	0	0	2	0	0	0	0	0	2	2	2	2
"E850_460"	2	2	0	2	0	0	2	2	0	2	2	2	1	0	1	0	0	2	2
"E444_780"	2	2	0	2	0	0	2	2	0	2	2	2	1	0	1	0	0	2	2
"E1088_486"	2	2	0	2	0	0	2	2	0	2	2	2	1	0	1	0	0	2	1
"E1271_671"	0	0	2	0	2	2	0	0	1	0	0	0	0	1	0	0	0	2	2
"E1256_578"	0	0	2	0	2	2	0	0	1	0	0	0	0	1	0	0	0	2	2
"E1657_758"	0	0	2	0	1	2	0	0	1	0	0	0	0	1	0	0	0	1	2
"E1161_413"	2	2	0	2	2	0	2	1	0	2	0	0	0	0	0	0	0	1	1
"E1458_410"	2	2	0	2	2	0	2	2	0	2	0	0	0	0	0	0	0	2	2
"E273_697"	0	0	2	0	2	2	0	0	1	0	0	0	0	1	0	0	0	2	2
"E346_766"	2	2	0	2	0	0	2	2	0	2	2	2	1	0	1	0	0	2	2
"E1227_349"	0	0	2	0	2	2	0	0	1	0	0	0	0	1	0	0	0	2	2
"E1219_548"	2	2	0	2	0	0	2	2	0	2	2	2	1	0	1	0	0	2	2
"E1943_80"	0	0	1	0	0	0	2	0	0	2	0	0	0	0	0	2	1	2	2
"E1993_720"	2	2	0	2	0	0	2	2	0	2	2	2	1	0	1	0	0	2	2
"E1305_81"	0	0	0	0	0	0	2	0	0	2	0	0	0	0	0	2	1	2	2
"E1254_772"	2	2	0	2	0	0	2	2	0	2	2	2	1	0	1	0	0	2	2
"E227_236"	0	0	2	0	2	2	0	0	1	0	0	0	0	1	0	0	0	2	2
"E904_4"	0	0	0	0	0	0	0	0	0	0	0	0	0	0	0	0	2	0	0
"E1393_226"	2	1	2	2	2	2	0	0	0	2	0	0	0	0	0	2	0	2	2
"E1352_653"	2	2	0	2	0	0	2	2	0	2	2	2	1	0	1	0	0	2	2
"E394_385"	2	2	0	2	2	0	2	2	0	2	0	0	0	0	0	0	0	2	2
"E932_95"	0	0	2	0	0	0	2	0	0	2	0	0	0	0	0	2	0	2	1
"E1660_205"	0	0	2	0	2	2	0	0	1	2	0	0	0	0	0	0	0	1	2
"E1372_21"	0	0	0	0	0	0	2	0	0	2	0	0	0	0	0	2	2	2	2
"E1910_752"	2	2	0	2	0	0	2	2	0	2	2	2	1	0	1	0	0	2	2
"E295_134"	0	0	2	1	0	0	2	0	0	2	0	0	0	0	0	2	0	2	2
"E180_441"	2	2	0	2	0	0	2	2	0	1	2	2	1	0	1	0	0	2	2
"E292_248"	0	0	2	1	2	0	2	0	0	2	0	0	0	0	0	0	0	1	2
"E1348_167"	0	0	2	1	2	0	2	0	0	2	0	0	0	0	0	0	0	2	2
"E1862_194"	0	0	2	2	2	0	1	0	0	2	0	0	0	0	0	2	0	2	2
"E1461_456"	0	0	1	0	2	2	0	0	1	0	0	0	0	1	0	0	0	2	2
"E806_190"	2	2	2	2	2	2	0	0	0	2	0	0	0	0	0	2	0	2	2
"E1186_350"	2	2	0	2	2	0	0	0	0	2	0	0	0	0	0	0	0	2	2
"E1023_753"	0	0	2	0	2	2	0	0	1	0	0	0	0	1	0	0	0	2	2
"E1003_304"	2	2	0	2	2	0	0	0	0	1	0	0	0	0	0	0	0	2	2
"E446_81"	0	0	0	0	0	0	2	0	0	2	0	0	0	0	0	2	1	2	2
"E1012_19"	0	0	0	0	0	0	2	0	0	2	0	0	0	0	0	2	2	1	1
"E461_403"	2	2	0	2	0	0	2	2	0	2	2	2	1	0	1	0	0	2	2
"E1906_689"	0	0	2	0	2	2	0	0	1	0	0	0	0	1	0	0	0	2	2
"E1180_172"	0	0	2	2	2	0	2	0	0	2	0	0	0	0	0	2	0	2	2
"E492_80"	0	0	0	0	2	0	2	0	0	2	0	0	0	0	0	2	1	1	2
"E329_514"	2	2	0	2	0	0	2	2	0	2	2	2	1	0	1	0	0	2	2
"E89_430"	2	2	0	2	2	0	2	2	0	2	0	0	0	0	0	0	0	2	2
"E714_140"	0	0	2	0	2	0	2	0	0	2	0	0	0	0	0	2	0	2	2
"E527_368"	0	0	2	0	2	2	0	0	1	0	0	0	0	1	0	0	0	2	2
"E1036_671"	2	2	0	2	0	0	2	2	0	2	2	2	1	0	1	0	0	2	2
"E1239_546"	2	2	0	2	0	0	2	2	0	2	2	2	1	0	1	0	0	2	2
"E959_548"	0	0	2	0	2	2	0	0	1	0	0	0	0	1	0	0	0	2	1
"E962_359"	2	2	0	2	2	0	1	1	0	2	0	0	0	0	0	0	0	2	2
"E1195_62"	0	0	0	0	0	0	2	0	0	2	0	0	0	0	0	2	2	1	2
"E206_416"	2	2	0	2	2	0	2	2	0	2	0	0	0	0	0	0	0	2	2
"E1466_442"	2	2	0	2	0	0	2	2	0	2	2	2	1	0	1	0	0	2	2
"E290_408"	0	0	2	0	2	2	0	0	1	0	0	0	0	1	0	0	0	2	2
"E1067_164"	0	0	2	2	2	0	2	0	0	2	0	0	0	0	0	2	0	2	2
"E1550_448"	0	0	2	0	2	2	0	0	1	0	0	0	0	1	0	0	0	2	1
"E1079_731"	0	0	2	0	2	2	0	0	1	0	0	0	0	1	0	0	0	1	2
"E497_792"	2	2	0	2	0	0	2	1	0	2	2	2	1	0	1	0	0	2	2
"E1866_579"	2	2	0	2	0	0	2	2	0	2	2	2	1	0	1	0	0	2	2
"E1757_183"	0	0	2	2	2	2	2	0	1	2	0	0	0	0	0	2	0	2	2
"E1504_515"	2	2	0	2	0	0	2	2	0	2	2	2	1	0	1	0	0	2	2
"E918_466"	2	2	0	2	2	0	2	2	0	2	0	0	0	0	0	0	0	2	2
"E781_565"	0	0	2	0	2	2	0	0	1	0	0	0	0	1	0	0	0	2	2
"E946_752"	2	2	0	2	0	0	2	2	0	2	2	2	1	0	1	0	0	1	2
"E529_246"	0	0	2	0	2	2	0	0	1	2	0	0	0	0	0	0	0	2	2
"E271_499"	0	0	2	0	2	2	0	0	1	0	0	0	0	1	0	0	0	2	2
"E948_417"	2	2	0	2	2	0	0	0	0	2	0	0	0	0	0	0	0	2	2
"E621_274"	0	0	2	0	2	2	0	0	1	1	0	0	0	0	0	0	0	2	2
"E1583_163"	0	0	2	2	2	1	2	0	1	2	0	0	0	0	0	0	0	2	2
"E196_7"	0	0	0	0	0	0	0	0	0	1	0	0	0	0	0	1	2	1	1
"E1316_507"	0	0	2	0	2	2	0	0	1	0	0	0	0	1	0	0	0	2	2
"E752_198"	0	0	2	2	2	2	2	0	1	1	0	0	0	0	0	1	0	2	2
"E579_549"	2	2	0	2	0	0	2	2	0	2	2	2	1	0	1	0	0	2	2
"E270_792"	2	2	0	2	0	0	2	2	0	2	2	2	1	0	1	0	0	2	2
"E1172_555"	2	2	0	2	0	0	2	2	0	2	2	2	1	0	1	0	0	2	2
"E1252_2"	0	0	0	0	0	0	0	0	0	0	0	0	0	0	0	0	2	0	0
"E1743_29"	0	0	0	0	0	0	2	0	0	2	0	0	0	0	0	2	2	1	2
"E603_570"	2	2	0	2	2	0	2	2	0	2	0	0	0	0	0	0	0	2	2
"E1779_494"	0	0	2	0	2	2	0	0	1	0	0	0	0	1	0	0	0	2	2
"E1127_662"	0	0	2	0	2	2	0	0	1	0	0	0	0	1	0	0	0	2	2
"E746_483"	2	2	0	2	0	0	2	2	0	2	2	2	1	0	1	0	0	2	2
"E1967_84"	0	0	0	0	0	0	2	0	0	2	0	0	0	0	0	2	2	2	2
"E541_698"	2	2	0	2	0	0	2	2	0	2	2	2	1	0	1	0	0	2	2
"E261_246"	0	0	2	0	2	0	0	0	1	2	0	0	0	0	0	0	0	2	2
"E386_298"	2	2	0	2	1	0	0	0	0	2	0	0	0	0	0	0	0	2	2
"E1837_139"	0	0	2	1	1	0	2	0	0	2	0	0	0	0	0	2	0	2	2
"E1770_509"	0	0	2	0	2	2	0	0	1	0	0	0	0	1	0	0	0	2	2
"E786_751"	2	2	0	2	0	0	2	2	0	2	2	2	1	0	1	0	0	2	2
"E1600_591"	2	2	0	2	0	0	2	2	0	2	2	2	1	0	1	0	0	2	2
"E1961_794"	2	2	0	2	0	0	2	2	0	2	2	2	1	0	1	0	0	2	2
"E1972_637"	2	2	0	2	0	0	2	2	0	2	2	2	1	0	1	0	0	2	2
"E1368_178"	0	0	2	2	2	1	2	0	0	2	0	0	0	0	0	0	0	2	2
"E1022_58"	0	0	0	0	0	0	2	0	0	2	0	0	0	0	0	2	2	2	2
"E1731_512"	0	0	2	0	2	2	0	0	1	0	0	0	0	1	0	0	0	2	2
"E550_316"	2	2	0	2	2	0	2	1	0	2	0	0	0	0	0	0	0	1	2
"E1431_172"	0	0	2	2	2	0	2	0	0	2	0	0	0	0	0	2	0	2	2
"E979_281"	2	2	0	2	2	0	0	0	0	2	0	0	0	0	0	0	0	2	2
"E375_262"	0	0	2	0	2	2	0	0	1	1	0	0	0	0	0	0	0	2	2
"E385_351"	0	0	2	0	2	2	0	0	1	0	0	0	0	1	0	0	0	2	2
"E1513_486"	0	0	2	0	2	2	0	0	1	0	0	0	0	1	0	0	0	2	2
"E1096_157"	0	0	2	0	2	2	2	0	1	2	0	0	0	0	0	0	0	2	2
"E435_204"	0	0	2	0	2	2	0	0	1	2	0	0	0	0	0	0	0	2	2
"E1931_713"	2	2	0	2	0	0	2	2	0	2	2	2	1	0	1	0	0	2	2
"E1412_175"	0	0	2	1	2	1	1	0	0	2	0	0	0	0	0	2	0	2	2
"E1074_38"	0	0	0	0	0	0	2	0	0	2	0	0	0	0	0	2	2	2	2
"E1069_676"	0	0	2	0	2	2	0	0	1	0	0	0	0	1	0	0	0	2	2
"E1937_227"	0	0	2	0	2	2	2	0	1	0	0	0	0	0	0	2	0	2	2
"E486_677"	2	2	0	2	0	0	2	2	0	2	2	2	1	0	1	0	0	2	2
"E1750_83"	0	0	0	0	0	0	1	0	0	2	0	0	0	0	0	2	0	2	2
"E950_643"	2	2	0	2	0	0	2	2	0	2	2	2	1	0	1	0	0	2	2
"E1703_191"	0	1	2	2	2	2	0	0	0	2	0	0	0	0	0	0	0	2	2
"E1868_566"	2	2	0	2	0	0	2	2	0	1	2	2	1	0	1	0	0	2	2
"E975_571"	0	0	2	0	2	2	0	0	1	0	0	0	0	1	0	0	0	2	2
"E1672_617"	2	2	0	2	0	0	2	2	0	2	2	2	1	0	1	0	0	2	2
"E570_686"	2	2	0	2	0	0	2	2	0	2	2	2	1	0	1	0	0	1	2
"E1803_32"	0	0	0	0	0	0	2	0	0	2	0	0	0	0	0	2	2	2	2
"E1433_742"	2	2	0	2	0	0	2	2	0	2	2	2	1	0	1	0	0	2	2
"E1423_363"	0	0	2	0	2	2	0	0	1	0	0	0	0	1	0	0	0	1	2
"E758_226"	2	2	2	2	2	2	0	0	0	2	0	0	0	0	0	0	0	1	2
"E838_399"	2	2	0	2	2	0	2	1	0	2	0	0	0	0	0	0	0	2	2
"E380_438"	2	2	0	2	2	0	0	0	0	2	0	0	0	0	0	0	0	2	2
"E1962_154"	0	0	2	2	2	0	1	0	0	2	0	0	0	0	0	2	0	2	2
"E245_303"	2	1	0	2	2	0	0	0	0	2	0	0	0	0	0	0	0	2	2
"E870_282"	0	0	2	0	2	2	0	0	1	0	0	0	0	1	0	0	0	2	2
"E1984_745"	0	0	2	0	2	2	0	0	1	0	0	0	0	1	0	0	0	2	2
"E770_316"	2	2	0	2	2	0	0	0	0	2	0	0	0	0	0	0	0	2	2
"E1635_528"	0	0	2	0	1	2	0	0	1	0	0	0	0	1	0	0	0	2	2
"E1443_788"	2	1	0	1	0	0	2	2	0	2	2	2	1	0	1	0	0	2	2
"E761_82"	0	0	0	0	0	0	2	0	0	2	0	0	0	0	0	2	2	2	1
"E744_557"	2	2	0	2	0	0	2	2	0	2	2	2	1	0	1	0	0	2	2
"E1455_254"	2	2	2	2	2	2	0	0	0	1	0	0	0	0	0	0	0	2	2
"E1482_350"	0	0	2	0	2	2	0	0	1	0	0	0	0	1	0	0	0	2	1
"E259_162"	0	0	1	1	1	0	2	0	0	2	0	0	0	0	0	2	0	2	2
"E1623_287"	2	2	2	2	2	2	0	0	0	2	0	0	0	0	0	0	0	2	2
"E1735_98"	0	0	2	0	2	0	2	0	0	2	0	0	0	0	0	2	2	2	2
"E1807_247"	0	2	2	1	2	2	0	0	0	2	0	0	0	0	0	0	0	2	2
"E1844_100"	0	0	0	0	1	0	2	0	0	2	0	0	0	0	0	2	0	2	2
"E452_342"	2	2	0	2	2	0	2	2	0	2	0	0	0	0	0	0	0	2	2
"E1793_701"	0	0	2	0	2	2	0	0	1	0	0	0	0	1	0	0	0	2	2
"E368_165"	0	0	1	2	2	0	2	0	0	2	0	0	0	0	0	2	0	2	2
"E1648_635"	0	0	2	0	2	2	0	0	1	0	0	0	0	1	0	0	0	2	2
"E275_223"	0	0	2	0	2	2	0	0	1	2	0	0	0	0	0	0	0	2	2
"E506_243"	0	0	2	0	2	2	0	0	1	2	0	0	0	0	0	0	0	2	2
"E736_711"	0	0	2	0	2	2	0	0	1	0	0	0	0	1	0	0	0	2	2
"E697_146"	0	0	2	2	2	0	2	0	0	2	0	0	0	0	0	2	0	2	2
"E679_782"	0	0	2	0	2	2	0	0	1	0	0	0	0	1	0	0	0	2	2
"E1270_280"	2	2	2	2	2	2	0	0	0	2	0	0	0	0	0	0	0	2	2
"E1533_612"	2	2	0	2	0	0	2	1	0	2	2	2	1	0	1	0	0	2	2
"E1257_558"	2	2	0	2	0	0	2	2	0	2	2	2	1	0	1	0	0	1	2
"E1796_93"	0	0	2	1	0	0	2	0	0	2	0	0	0	0	0	2	0	2	2
"E968_96"	0	0	1	0	2	0	2	0	0	2	0	0	0	0	0	2	0	2	2
"E976_448"	2	2	0	2	1	0	2	2	0	2	0	0	0	0	1	0	0	2	2
"E964_387"	0	0	2	0	2	2	0	0	1	0	0	0	0	1	0	0	0	2	2
"E1323_772"	2	2	0	2	0	0	2	2	0	2	2	2	1	0	1	0	0	2	2
"E1810_166"	0	0	2	1	2	0	2	0	0	2	0	0	0	0	0	0	0	2	2
"E1038_676"	2	2	0	2	0	0	2	2	0	2	2	2	1	0	1	0	0	2	2
"E802_333"	0	0	2	0	2	2	0	0	1	0	0	0	0	1	0	0	0	2	2
"E210_362"	2	2	0	2	2	0	0	0	0	2	0	0	0	0	0	0	0	2	2
"E404_42"	0	0	0	0	0	0	2	0	0	2	0	0	0	0	0	2	2	2	2
"E1587_23"	0	0	0	0	0	0	2	0	0	2	0	0	0	0	0	2	2	2	2
"E1751_481"	2	2	0	2	2	0	2	2	0	2	0	1	0	0	0	0	0	2	2
"E855_691"	2	2	0	2	0	0	2	2	0	2	2	2	1	0	1	0	0	2	2
"E545_427"	0	0	1	0	2	2	0	0	1	0	0	0	0	1	0	0	0	2	2
"E149_108"	0	0	2	1	0	0	2	0	0	2	0	0	0	0	0	2	0	2	2
"E253_602"	2	2	0	2	0	0	2	2	0	2	2	2	1	0	1	0	0	2	2
"E858_236"	0	0	2	0	2	2	2	0	1	1	0	0	0	0	0	0	0	2	2
"E939_160"	0	0	2	0	2	1	2	0	0	2	0	0	0	0	0	0	0	1	2
"E485_695"	0	0	2	0	2	2	0	0	1	0	0	0	0	1	0	0	0	2	2
"E1747_68"	0	0	1	0	0	0	2	0	0	2	0	0	0	0	0	2	2	2	2
"E978_453"	2	2	0	2	2	0	2	2	0	2	1	1	1	0	0	0	0	2	2
"E491_179"	0	0	2	2	2	2	2	0	1	2	0	0	0	0	0	0	0	2	2
"E217_616"	0	0	2	0	2	2	0	0	1	0	0	0	0	1	0	0	0	2	2
"E176_265"	2	2	0	2	2	0	0	0	0	2	0	0	0	0	0	0	0	2	2
"E705_616"	0	0	2	0	2	2	0	0	1	0	0	0	0	1	0	0	0	2	2
"E174_539"	2	2	0	2	0	0	2	2	0	2	2	2	1	0	1	0	0	2	2
"E1897_385"	2	2	0	2	0	0	2	2	0	2	0	1	0	0	1	0	0	2	2
"E1946_376"	2	2	0	2	2	0	2	2	0	2	0	0	0	0	0	0	0	2	2
"E412_507"	0	0	2	0	2	2	0	0	1	0	0	0	0	1	0	0	0	2	2
"E1152_173"	0	0	2	2	1	0	2	0	0	2	0	0	0	0	0	1	0	2	2
"E143_20"	0	0	0	0	0	0	2	0	0	2	0	0	0	0	0	2	2	1	2
"E231_58"	0	0	0	0	0	0	2	0	0	2	0	0	0	0	0	2	2	2	2
"E963_650"	0	0	2	0	2	2	0	0	1	0	0	0	0	1	0	0	0	2	2
"E1850_154"	0	0	2	2	0	0	2	0	0	2	0	0	0	0	0	2	0	2	2
"E427_83"	0	0	2	0	2	0	2	0	0	1	0	0	0	0	0	2	0	2	2
"E251_697"	2	2	0	2	0	0	2	2	0	2	2	2	1	0	1	0	0	2	2
"E1084_710"	2	2	0	2	0	0	2	2	0	1	2	2	1	0	1	0	0	2	2
"E1563_187"	0	0	2	0	1	2	0	0	1	2	0	0	0	0	0	0	0	2	2
"E1448_382"	0	0	2	0	1	2	0	0	1	0	0	0	0	1	0	0	0	2	2
"E43_599"	0	0	2	0	2	2	0	0	1	0	0	0	0	1	0	0	0	2	2
"E684_214"	0	0	2	0	2	2	0	0	1	2	0	0	0	0	0	0	0	2	2
"E1010_796"	2	2	0	2	0	0	2	1	0	2	2	2	1	0	1	0	0	2	1
"E489_787"	0	0	2	0	2	1	0	0	1	0	0	0	0	1	0	0	0	2	2
"E897_304"	2	2	0	2	2	0	0	0	0	2	0	0	0	0	0	0	0	2	2
"E618_676"	2	2	0	2	0	0	2	2	0	2	2	2	1	0	1	0	0	2	2
"E953_574"	2	2	0	2	0	0	2	2	0	1	2	2	1	0	1	0	0	1	2
"E1620_150"	0	0	2	2	2	1	2	0	1	2	0	0	0	0	0	1	0	2	2
"E1708_221"	0	0	2	2	2	2	2	0	1	2	0	0	0	0	0	0	0	2	2
"E1869_760"	2	2	0	2	0	0	2	2	0	2	2	2	1	0	1	0	0	2	2
"E1334_674"	0	0	2	0	2	2	0	0	1	0	0	0	0	1	0	0	0	2	2
"E153_107"	0	0	0	0	2	0	2	0	0	2	0	0	0	0	0	2	0	2	2
"E331_380"	2	2	0	2	2	0	2	1	0	2	0	0	0	0	0	0	0	1	2
"E1742_586"	2	2	0	2	0	0	2	2	0	2	2	2	1	0	1	0	0	2	2
"E1031_350"	2	2	0	2	0	0	2	2	0	2	2	2	1	0	1	0	0	2	2
"E1266_59"	0	0	0	0	0	0	2	0	0	2	0	0	0	0	0	2	2	2	2
"E1515_555"	2	2	0	2	0	0	2	2	0	2	2	2	1	0	1	0	0	2	2
"E517_756"	2	2	0	2	0	0	2	2	0	2	2	2	1	0	1	0	0	2	2
"E1746_555"	2	2	0	2	0	0	2	2	0	2	2	2	1	0	1	0	0	1	2
"E1806_549"	2	2	0	2	0	0	2	1	0	2	2	2	1	0	1	0	0	2	2
"E539_303"	2	2	0	2	2	0	0	0	0	1	0	0	0	0	0	0	0	1	2
"E694_283"	0	0	2	0	1	2	0	0	1	0	0	0	0	1	0	0	0	2	2
"E359_79"	0	0	0	0	1	0	2	0	0	2	0	0	0	0	0	2	2	2	2
"E1911_449"	2	2	0	2	0	0	2	2	0	2	1	2	1	0	1	0	0	2	2
"E1729_505"	2	2	0	2	2	0	2	2	0	2	0	0	0	0	0	0	0	2	2
"E336_461"	0	0	2	0	2	2	0	0	1	0	0	0	0	1	0	0	0	2	2
"E501_344"	2	2	0	2	2	0	1	1	0	2	0	0	0	0	0	0	0	2	2
"E302_418"	2	2	0	2	2	0	0	0	0	2	0	0	0	0	0	0	0	2	2
"E1281_188"	0	0	1	0	2	1	0	0	1	2	0	0	0	0	0	0	0	2	2
"E526_36"	0	0	0	0	0	0	2	0	0	2	0	0	0	0	0	2	2	1	2
"E595_773"	2	2	0	2	0	0	2	2	0	2	2	2	1	0	1	0	0	2	2
"E477_273"	2	2	2	2	2	2	0	0	0	2	0	0	0	0	0	0	0	2	2
"E104_492"	2	2	0	2	0	0	2	2	0	2	2	2	1	0	1	0	0	2	2
"E1522_641"	0	0	2	0	2	2	0	0	1	0	0	0	0	1	0	0	0	2	2
"E1237_611"	0	0	2	0	2	2	0	0	1	0	0	0	0	1	0	0	0	2	2
"E828_238"	2	2	2	2	2	2	0	0	0	2	0	0	0	0	0	0	0	2	2
"E1915_35"	0	0	0	0	0	0	2	0	0	2	0	0	0	0	0	2	2	2	2
"E1642_9"	0	0	0	0	0	0	2	0	0	1	0	0	0	0	0	2	2	1	1
"E240_625"	2	2	0	2	0	0	2	2	0	2	2	2	1	0	1	0	0	1	2
"E1085_385"	2	2	0	2	2	0	0	0	0	2	0	0	0	0	0	0	0	2	2
"E1104_417"	0	0	2	0	2	2	0	0	1	0	0	0	0	1	0	0	0	2	2
"E1674_68"	0	0	0	0	0	0	2	0	0	2	0	0	0	0	0	2	2	2	2
"E1138_378"	0	0	2	0	2	2	0	0	1	0	0	0	0	1	0	0	0	2	2
"E842_174"	2	0	2	2	2	0	2	0	0	2	0	0	0	0	0	0	0	2	2
"E573_743"	2	2	0	2	0	0	2	2	0	2	2	2	1	0	1	0	0	1	1
"E80_589"	2	2	0	2	0	0	2	2	0	2	2	2	1	0	1	0	0	2	2
"E1926_730"	2	2	0	2	0	0	2	2	0	2	2	2	1	0	1	0	0	2	2
"E1551_389"	0	0	2	0	2	2	0	0	1	0	0	0	0	1	0	0	0	2	2
"E1095_651"	0	0	2	0	2	2	0	0	1	0	0	0	0	1	0	0	0	2	2
"E315_133"	0	0	2	2	2	0	2	0	0	2	0	0	0	0	0	2	0	2	2
"E774_527"	0	0	2	0	2	2	0	0	1	0	0	0	0	1	0	0	0	2	2
"E1903_322"	2	2	0	2	2	0	0	0	0	2	0	0	0	0	0	0	0	2	2
"E1029_777"	2	2	0	2	0	0	2	2	0	2	2	2	1	0	1	0	0	2	2
"E803_793"	2	2	0	2	0	0	2	2	0	2	2	2	1	0	1	0	0	2	2
"E1895_532"	0	0	2	0	2	2	0	0	1	0	0	0	0	1	0	0	0	2	2
"E191_659"	0	0	2	0	2	2	0	0	1	0	0	0	0	1	0	0	0	2	2
"E1711_298"	1	2	2	2	2	2	0	0	0	2	0	0	0	0	0	0	0	2	2
"E281_319"	2	2	0	2	2	0	0	0	0	2	0	0	0	0	0	0	0	2	2
"E1404_21"	0	0	0	0	0	0	2	0	0	2	0	0	0	0	0	2	2	2	2
"E1367_436"	2	2	0	2	0	0	2	2	0	2	1	2	1	0	1	0	0	2	2
"E1187_12"	0	0	0	0	0	0	1	0	0	1	0	0	0	0	0	2	2	1	2
"E1066_273"	0	0	2	0	2	2	0	0	1	0	0	0	0	0	0	0	0	2	2
"E1241_558"	2	2	0	2	1	0	2	1	0	2	2	2	1	0	1	0	0	2	2
"E1489_621"	0	0	2	0	2	2	0	0	1	0	0	0	0	1	0	0	0	2	1
"E390_27"	0	0	0	0	0	0	2	0	0	2	0	0	0	0	0	2	2	2	2
"E1988_780"	0	0	2	0	2	2	0	0	1	0	0	0	0	1	0	0	0	2	2
"E205_320"	0	0	2	0	2	2	0	0	1	0	0	0	0	1	0	0	0	2	2
"E1704_243"	2	2	2	2	2	0	2	2	0	2	0	0	0	0	0	0	0	2	2
"E398_536"	2	2	0	2	0	0	2	2	0	2	2	2	1	0	1	0	0	2	2
"E1274_575"	2	2	0	2	0	0	2	2	0	2	2	2	1	0	1	0	0	2	2
"E1559_793"	0	0	2	0	2	2	0	0	1	0	0	0	0	1	0	0	0	1	2
"E1197_519"	2	2	0	2	0	0	2	2	0	2	2	2	1	0	1	0	0	2	2
"E983_28"	0	0	0	0	0	0	2	0	0	2	0	0	0	0	0	2	2	2	2
"E1232_48"	0	0	0	0	0	0	2	0	0	2	0	0	0	0	0	2	2	2	2
"E674_422"	2	2	0	2	1	0	2	2	0	1	0	0	0	0	0	0	0	1	2
"E1338_300"	2	2	0	2	2	0	0	0	0	2	0	0	0	0	0	0	0	2	2
"E1467_165"	0	0	2	2	2	0	1	0	0	1	0	0	0	0	0	2	0	2	2
"E50_443"	2	2	0	2	0	0	2	2	0	2	2	2	1	0	1	0	0	2	2
"E807_724"	0	0	2	0	2	2	0	0	1	0	0	0	0	1	0	0	0	1	2
"E177_376"	2	2	0	2	2	0	2	2	0	2	0	0	0	0	0	0	0	2	2
"E1018_646"	0	0	2	0	2	2	0	0	1	0	0	0	0	1	0	0	0	2	2
"E1243_564"	2	2	0	2	0	0	2	2	0	2	1	2	1	0	1	0	0	2	2
"E971_547"	2	2	0	2	0	0	2	2	0	2	2	2	1	0	1	0	0	2	2
"E1501_202"	2	2	2	2	2	2	0	0	0	2	0	0	0	0	0	0	0	2	2
"E90_198"	0	0	2	2	2	2	1	0	1	1	0	0	0	0	0	0	0	2	2
"E1706_21"	0	0	0	0	0	0	2	0	0	2	0	0	0	0	0	2	2	2	2
"E1638_374"	2	2	0	2	2	0	0	0	0	2	0	0	0	0	0	0	0	2	2
"E1861_365"	2	2	0	2	2	0	0	0	0	2	0	0	0	0	0	0	0	2	2
"E1130_149"	0	0	2	2	2	0	2	0	0	2	0	0	0	0	0	2	0	2	2
"E1718_625"	0	0	2	0	2	2	0	0	1	0	0	0	0	1	0	0	0	2	2
"E321_687"	2	2	0	2	0	0	2	2	0	2	2	2	1	0	1	0	0	1	1
"E739_463"	2	2	0	1	0	0	2	2	0	2	2	2	1	0	1	0	0	2	2
"E1439_651"	2	2	0	2	0	0	2	2	0	2	2	2	1	0	1	0	0	2	2
"E879_277"	0	0	2	0	2	2	0	0	1	0	0	0	0	1	0	0	0	1	2
"E431_139"	0	0	1	2	2	0	2	0	0	2	0	0	0	0	0	2	0	2	2
"E1288_125"	0	0	1	2	1	0	2	0	0	2	0	0	0	0	0	2	0	2	1
"E1259_741"	2	2	0	2	0	0	2	2	0	2	2	2	1	0	1	0	0	2	1
"E528_691"	0	0	2	0	2	2	0	0	1	0	0	0	0	1	0	0	0	2	2
"E513_666"	0	0	2	0	2	2	0	0	1	0	0	0	0	1	0	0	0	2	2
"E1863_767"	0	0	2	0	2	2	0	0	1	0	0	0	0	1	0	0	0	2	2
"E1178_355"	0	0	2	0	2	2	0	0	1	0	0	0	0	1	0	0	0	2	2
"E861_422"	2	2	0	2	2	0	2	2	0	2	0	0	0	0	0	0	0	2	1
"E69_441"	2	2	0	2	2	0	0	0	0	2	0	0	0	0	0	0	0	2	2
"E535_221"	0	0	2	2	2	2	2	0	1	2	0	0	0	0	0	2	0	2	2
"E1610_202"	0	0	2	0	2	0	2	0	0	2	0	0	0	0	0	0	0	2	2
"E256_621"	2	2	0	2	0	0	2	2	0	2	2	2	1	0	1	0	0	2	2
"E81_578"	2	2	0	2	0	0	2	2	0	2	2	2	1	0	1	0	0	2	2
"E766_192"	0	0	2	2	2	0	2	0	0	2	0	0	0	0	0	1	0	2	2
"E1728_387"	2	2	0	2	2	0	0	0	0	2	0	0	0	0	0	0	0	2	2
"E1560_272"	2	2	0	2	2	1	0	0	0	2	0	0	0	0	0	0	0	2	1
"E1171_194"	1	1	2	2	2	1	0	0	0	2	0	0	0	0	0	2	0	2	2
"E657_93"	0	0	2	0	1	0	2	0	0	2	0	0	0	0	0	2	1	2	2
"E221_697"	0	0	2	0	2	2	0	0	1	0	0	0	0	1	0	0	0	2	2
"E372_542"	2	2	0	2	0	0	2	2	0	2	2	2	1	0	1	0	0	2	2
"E389_90"	0	0	0	0	1	0	2	0	0	2	0	0	0	0	0	2	2	2	2
"E1037_478"	0	0	2	0	2	2	0	0	1	0	0	0	0	1	0	0	0	2	2
"E312_729"	2	2	0	1	0	0	2	2	0	2	2	2	1	0	1	0	0	2	2
"E1548_594"	2	2	0	2	0	0	2	2	0	2	2	2	1	0	1	0	0	2	2
"E1013_254"	2	2	2	1	1	2	0	0	0	2	0	0	0	0	0	0	0	2	2
"E355_22"	0	0	0	0	0	0	2	0	0	2	0	0	0	0	0	2	2	2	2
"E996_527"	2	2	0	2	0	0	2	2	0	2	2	1	1	0	1	0	0	2	2
"E1360_233"	0	0	2	0	2	2	0	0	1	2	0	0	0	0	0	0	0	2	2
"E825_476"	0	0	2	0	2	2	0	0	1	0	0	0	0	1	0	0	0	2	2
"E23_75"	0	0	0	0	0	0	2	0	0	2	0	0	0	0	0	2	2	2	2
"E1790_399"	2	2	0	2	2	0	2	2	0	2	0	0	0	0	0	0	0	1	2
"E298_185"	0	0	2	0	2	2	0	0	1	1	0	0	0	0	0	0	0	2	2
"E468_450"	0	0	2	0	2	2	0	0	1	0	0	0	0	1	0	0	0	2	2
"E832_620"	2	2	0	2	0	0	2	2	0	2	2	2	1	0	1	0	0	2	2
"E406_503"	0	0	2	0	2	2	0	0	1	0	0	0	0	1	0	0	0	2	2
"E833_144"	0	0	2	2	2	0	2	0	0	2	0	0	0	0	0	2	0	1	2
"E1139_321"	2	2	0	2	2	0	1	1	0	2	0	0	0	0	0	0	0	2	2
"E1122_356"	0	0	2	0	2	2	0	0	1	0	0	0	0	1	0	0	0	2	2
"E1836_447"	2	2	0	2	0	0	2	2	0	2	2	2	1	0	1	0	0	1	2
"E179_118"	0	0	0	0	0	0	2	0	0	2	0	0	0	0	0	2	1	2	2
"E1968_276"	2	2	2	2	2	2	0	0	0	2	0	0	0	0	0	0	0	2	1
"E343_495"	2	2	0	1	0	0	2	2	0	2	2	2	1	0	1	0	0	1	2
"E540_334"	2	2	0	2	2	0	1	0	0	2	0	0	0	0	0	0	0	2	2
"E1194_303"	2	2	0	2	2	0	0	0	0	1	0	0	0	0	0	0	0	2	2
"E1819_563"	2	2	0	2	0	0	2	2	0	2	2	2	1	0	1	0	0	2	1
"E773_502"	2	2	0	2	0	0	2	2	0	2	1	2	1	0	1	0	0	2	2
"E1833_399"	2	2	0	2	2	0	2	2	0	2	0	0	0	0	0	0	0	2	2
"E943_640"	2	2	0	2	0	0	2	2	0	2	2	2	1	0	1	0	0	2	2
"E377_719"	0	0	2	0	2	2	0	0	1	0	0	0	0	1	0	0	0	1	2
"E1527_133"	0	0	0	2	2	0	2	0	0	2	0	0	0	0	0	2	0	2	2
"E1284_396"	2	2	0	2	2	0	2	2	0	2	0	0	0	0	0	0	0	2	2
"E574_298"	0	0	2	0	2	2	0	0	1	1	0	0	0	0	0	0	0	2	2
"E1799_115"	0	0	0	1	2	0	2	0	0	2	0	0	0	0	0	2	0	2	2
"E1824_201"	0	0	2	2	2	2	1	0	0	2	0	0	0	0	0	0	0	2	1
"E1537_369"	0	0	2	0	2	2	0	0	1	0	0	0	0	1	0	0	0	2	2
"E1086_259"	2	2	0	2	2	1	0	0	0	2	0	0	0	0	0	0	0	1	2
"E876_180"	0	0	2	2	2	0	2	0	0	2	0	0	0	0	0	2	0	2	1
"E1917_61"	0	0	0	0	0	0	2	0	0	2	0	0	0	0	0	2	2	2	2
"E1408_582"	2	2	0	2	0	0	2	2	0	2	2	2	1	0	1	0	0	2	2
"E405_385"	0	0	2	0	1	2	0	0	1	0	0	0	0	1	0	0	0	2	2
"E341_11"	0	0	0	0	0	0	0	0	0	1	0	0	0	0	0	2	2	1	1
"E1410_317"	0	0	2	0	2	2	0	0	1	0	0	0	0	0	0	0	0	1	2
"E147_576"	2	2	0	2	0	0	2	2	0	2	2	2	1	0	1	0	0	2	2
"E291_790"	0	0	2	0	2	2	0	0	1	0	0	0	0	1	0	0	0	2	2
"E599_522"	2	2	0	1	0	0	2	2	0	2	2	2	1	0	1	0	0	2	2
"E348_410"	2	2	0	2	0	0	2	2	0	2	0	0	0	0	0	0	0	2	2
"E980_487"	2	2	0	2	0	0	2	2	0	2	2	2	1	0	1	0	0	1	2
"E361_169"	0	0	2	2	2	0	2	0	0	2	0	0	0	0	0	0	0	2	2
"E1229_342"	2	2	0	2	2	0	0	0	0	2	0	0	0	0	0	0	0	2	2
"E1939_722"	0	0	2	0	2	2	0	0	1	0	0	0	0	1	0	0	0	2	2
"E708_462"	2	2	0	2	0	0	2	2	0	2	2	1	0	0	1	0	0	1	2
"E1960_322"	2	2	0	2	1	0	0	0	0	2	0	0	0	0	0	0	0	2	2
"E503_531"	2	2	0	2	0	0	2	2	0	2	2	2	1	0	1	0	0	2	2
"E1060_31"	0	0	0	0	0	0	2	0	0	1	0	0	0	0	0	2	2	2	2
"E1027_606"	2	2	0	2	0	0	2	2	0	2	2	2	1	0	1	0	0	2	2
"E745_397"	2	2	0	2	2	0	2	1	0	2	0	0	0	0	0	0	0	2	2
"E49_746"	2	2	0	2	0	0	2	2	0	2	2	2	1	0	1	0	0	2	2
"E428_24"	0	0	0	0	0	0	2	0	0	1	0	0	0	0	0	2	2	1	2
"E1884_256"	2	2	2	1	1	2	0	0	0	2	0	0	0	0	0	0	0	2	2
"E712_552"	2	2	0	2	0	0	2	2	0	2	2	2	1	0	1	0	0	2	2
"E308_684"	0	0	2	0	2	2	0	0	1	0	0	0	0	1	0	0	0	2	2
"E556_489"	0	0	2	0	2	2	0	0	1	0	0	0	0	1	0	0	0	2	2
"E1922_398"	2	2	0	1	1	0	1	1	0	2	0	0	0	0	0	0	0	1	2
"E1374_197"	2	2	2	2	1	0	2	2	0	2	0	0	0	0	0	0	0	2	2
"E73_367"	0	0	2	0	2	2	0	0	1	0	0	0	0	1	0	0	0	1	2
"E587_354"	2	2	0	2	2	0	2	2	0	2	0	0	0	0	0	0	0	2	2
"E1916_191"	0	0	2	2	2	0	2	0	0	2	0	0	0	0	0	1	0	2	2
"E411_702"	2	2	0	2	0	0	2	2	0	2	2	2	1	0	1	0	0	2	2
"E1753_617"	2	2	0	2	0	0	2	2	0	2	2	2	1	0	1	0	0	2	2
"E1128_599"	2	2	0	2	0	0	2	2	0	2	2	2	1	0	1	0	0	2	2
"E1649_560"	2	2	0	2	0	0	2	2	0	2	2	2	1	0	1	0	0	2	1
"E1772_193"	0	0	2	2	2	1	1	0	1	2	0	0	0	0	0	0	0	2	2
"E856_645"	2	2	0	2	0	0	2	2	0	2	2	2	1	0	1	0	0	2	2
"E366_621"	0	0	2	0	2	2	0	0	1	0	0	0	0	1	0	0	0	2	2
"E1507_255"	2	2	1	2	2	2	0	0	0	2	0	0	0	0	0	0	0	2	2
"E434_151"	0	0	2	0	1	0	2	0	0	2	0	0	0	0	0	0	0	2	2
"E126_398"	0	0	2	0	2	2	0	0	1	0	0	0	0	1	0	0	0	2	2
"E1117_481"	0	0	2	0	2	2	0	0	1	0	0	0	0	1	0	0	0	2	2
"E1235_24"	0	0	0	0	0	0	2	0	0	2	0	0	0	0	0	2	2	1	2
"E864_620"	2	2	0	2	0	0	2	2	0	2	2	2	1	0	1	0	0	2	2
"E440_541"	2	2	0	2	0	0	2	2	0	2	2	2	1	0	1	0	0	2	2
"E1491_568"	2	2	0	2	0	0	2	2	0	2	2	2	1	0	1	0	0	2	2
"E1702_379"	2	2	0	2	2	0	2	2	0	2	0	0	0	0	0	0	0	2	2
"E1470_526"	2	2	0	2	2	0	2	2	0	2	0	0	0	0	0	0	0	2	2
"E1460_368"	2	2	0	2	2	0	2	2	0	2	0	0	0	0	0	0	0	2	2
"E1267_383"	2	2	0	2	2	0	2	2	0	1	0	0	0	0	0	0	0	2	2
"E1263_503"	2	2	0	2	1	0	2	2	0	2	2	2	1	0	1	0	0	2	2
"E323_627"	2	2	0	2	0	0	2	2	0	2	2	2	1	0	1	0	0	2	2
"E1335_269"	2	2	2	1	2	2	0	0	0	2	0	0	0	0	0	0	0	2	2
"E1475_668"	2	2	0	2	0	0	2	2	0	2	2	2	1	0	1	0	0	2	2
"E301_676"	0	0	2	0	2	2	0	0	1	0	0	0	0	1	0	0	0	2	2
"E1843_343"	2	2	0	2	0	0	2	2	0	2	2	1	1	0	1	0	0	2	2
"E886_788"	0	0	2	0	2	2	0	0	1	0	0	0	0	1	0	0	0	2	2
"E13_795"	2	2	0	2	0	0	1	1	0	2	2	2	1	0	1	0	0	2	2
"E610_288"	2	2	2	2	2	2	0	0	0	2	0	0	0	0	0	0	0	2	2
"E1669_574"	2	2	0	2	0	0	2	2	0	1	2	2	1	0	1	0	0	2	2
"E383_417"	0	0	2	0	2	2	0	0	1	0	0	0	0	1	0	0	0	2	2
"E1419_300"	2	2	2	2	2	2	0	0	0	1	0	0	0	0	0	0	0	2	2
"E1210_118"	0	0	1	2	2	0	2	0	0	2	0	0	0	0	0	2	0	2	2
"E696_367"	2	2	0	2	2	0	2	2	0	2	0	0	0	0	0	0	0	1	2
"E1337_644"	0	0	2	0	2	2	0	0	1	0	0	0	0	1	0	0	0	2	2
"E1301_463"	2	2	0	2	0	0	2	2	0	2	2	2	1	0	1	0	0	2	2
"E1659_250"	0	1	2	2	2	2	0	0	0	2	0	0	0	0	0	0	0	2	2
"E1973_29"	0	0	0	0	0	0	2	0	0	2	0	0	0	0	0	2	2	2	2
"E1183_153"	0	0	2	1	2	0	2	0	0	2	0	0	0	0	0	2	0	2	2
"E1549_497"	2	2	0	2	0	0	2	2	0	2	2	2	1	0	1	0	0	2	2
"E741_551"	0	0	2	0	2	0	2	0	0	2	0	0	0	0	0	0	0	2	2
"E1497_764"	2	2	0	2	0	0	2	2	0	2	2	2	1	0	1	0	0	2	2
"E1082_607"	2	2	0	2	0	0	2	2	0	2	2	2	1	0	1	0	0	2	2
"E1449_69"	0	0	0	0	0	0	2	0	0	2	0	0	0	0	0	2	2	2	2
"E512_204"	0	0	2	0	2	2	2	0	1	2	0	0	0	0	0	0	0	2	2
"E360_377"	0	0	2	0	2	2	0	0	1	0	0	0	0	1	0	0	0	2	2
"E698_223"	0	0	2	0	2	0	2	0	0	2	0	0	0	0	0	0	0	2	2
"E1126_619"	2	2	0	2	0	0	2	2	0	2	2	2	1	0	1	0	0	2	2
"E418_34"	0	0	0	0	0	0	2	0	0	2	0	0	0	0	0	2	2	2	2
"E72_423"	2	2	0	2	2	0	2	1	0	2	0	0	0	0	0	0	0	2	2
"E1567_484"	2	2	0	2	2	0	2	2	0	2	1	1	1	0	0	0	0	2	2
"E720_493"	2	2	0	2	0	0	2	2	0	2	2	2	1	0	1	0	0	2	2
"E1881_204"	0	0	2	2	2	0	2	0	0	2	0	0	0	0	0	2	0	2	2
"E432_736"	2	2	0	2	0	0	2	2	0	2	2	2	1	0	1	0	0	2	2
"E1632_462"	2	2	0	2	2	0	2	2	0	2	0	0	0	0	0	0	0	1	2
"E204_660"	0	0	2	0	2	2	0	0	1	0	0	0	0	1	0	0	0	2	2
"E195_267"	2	2	0	2	2	0	0	0	0	2	0	0	0	0	0	0	0	2	2
"E1137_202"	0	0	2	0	2	2	1	0	1	2	0	0	0	0	0	0	0	1	2
"E576_467"	2	2	0	2	2	0	2	2	0	1	0	0	0	0	0	0	0	2	2
"E1216_532"	0	0	2	0	2	2	0	0	1	0	0	0	0	1	0	0	0	2	2
"E710_123"	0	0	2	2	2	0	2	0	0	2	0	0	0	0	0	2	0	2	2
"E1017_494"	2	2	0	2	0	0	2	2	0	2	2	0	1	0	1	0	0	2	2
"E136_387"	2	2	0	2	2	0	2	2	0	2	0	0	0	0	0	0	0	2	2
"E1599_143"	0	0	2	2	1	0	2	0	0	2	0	0	0	0	0	0	0	2	1
"E653_526"	2	2	0	2	2	0	2	2	0	2	0	0	0	0	0	0	0	2	2
"E391_464"	2	2	0	2	1	0	2	2	0	2	1	1	0	0	0	0	0	2	2
"E269_341"	0	0	1	0	2	2	0	0	1	0	0	0	0	1	0	0	0	2	2
"E1045_298"	0	0	2	0	2	2	0	0	1	1	0	0	0	0	0	0	0	2	2
"E1310_310"	0	0	2	0	2	2	0	0	1	0	0	0	0	1	0	0	0	2	2
"E1925_192"	2	2	2	2	2	2	2	0	0	2	0	0	0	0	0	2	0	2	2
"E1845_502"	2	2	0	2	0	0	2	2	0	2	2	2	1	0	1	0	0	2	2
"E118_601"	2	2	0	2	0	0	2	2	0	2	2	2	1	0	1	0	0	2	2
"E47_357"	2	2	0	2	1	0	0	0	0	2	0	0	0	0	0	0	0	2	2
"E505_237"	0	0	2	2	2	2	1	0	1	2	0	0	0	0	0	2	0	2	2
"E458_419"	2	2	0	2	2	0	2	2	0	2	0	0	0	0	0	0	0	2	2
"E123_20"	0	0	0	0	0	0	2	0	0	2	0	0	0	0	0	2	2	1	2
"E1611_282"	2	2	2	2	2	2	0	0	0	2	0	0	0	0	0	0	0	2	2
"E451_162"	0	0	2	1	2	0	2	0	0	2	0	0	0	0	0	2	0	2	2
"E254_473"	0	0	2	0	2	2	0	0	1	0	0	0	0	1	0	0	0	2	2
"E1472_32"	0	0	0	0	0	0	2	0	0	2	0	0	0	0	0	2	2	2	2
"E588_762"	2	2	0	2	0	0	2	2	0	2	2	2	1	0	1	0	0	2	2
"E1159_708"	2	2	0	2	0	0	2	1	0	2	2	2	1	0	1	0	0	2	2
"E504_731"	0	0	2	0	2	2	0	0	1	0	0	0	0	1	0	0	0	2	2
"E1417_406"	0	0	1	0	2	2	0	0	1	2	0	0	0	0	0	0	0	1	2
"E1077_763"	2	2	0	2	0	0	2	2	0	2	2	2	1	0	1	0	0	2	2
"E1956_415"	2	2	0	2	2	0	2	2	0	2	2	0	1	0	0	0	0	2	2
"E1165_129"	0	0	2	2	2	0	2	0	0	2	0	0	0	0	0	2	0	2	2
"E1511_621"	0	0	2	0	2	2	0	0	1	0	0	0	0	1	0	0	0	2	2
"E382_167"	0	0	1	2	2	0	2	0	0	2	0	0	0	0	0	2	0	2	2
"E250_601"	0	0	2	0	2	2	0	0	1	0	0	0	0	1	0	0	0	2	2
"E719_799"	2	2	0	2	0	0	2	2	0	2	2	2	1	0	1	0	0	2	2
"E87_14"	0	0	0	0	0	0	2	0	0	1	0	0	0	0	0	2	2	2	2
"E1667_267"	2	2	2	2	2	2	0	0	0	2	0	0	0	0	0	0	0	2	2
"E703_409"	1	2	0	2	0	0	2	2	0	2	2	2	1	0	1	0	0	2	2
"E1520_175"	0	2	2	2	1	0	1	0	0	2	0	0	0	0	0	0	0	2	1
"E1364_785"	0	0	2	0	2	2	0	0	1	0	0	0	0	1	0	0	0	2	2
"E1761_219"	2	2	2	2	2	1	0	0	0	2	0	0	0	0	0	0	0	2	2
"E1260_350"	0	0	2	0	2	2	0	0	1	0	0	0	0	1	0	0	0	2	2
"E393_599"	2	2	0	2	0	0	2	2	0	2	2	2	1	0	1	0	0	2	2
"E987_127"	0	0	0	2	2	0	2	0	0	2	0	0	0	0	0	2	0	2	2
"E1160_641"	0	0	2	0	2	2	0	0	1	0	0	0	0	1	0	0	0	2	2
"E544_370"	0	0	2	0	2	2	0	0	1	0	0	0	0	1	0	0	0	2	2
"E727_6"	0	0	0	0	0	0	0	0	0	0	0	0	0	0	0	0	2	0	0
"E990_296"	0	0	1	0	2	1	0	0	1	2	0	0	0	0	0	0	0	2	2
"E1763_714"	2	2	0	2	0	0	2	2	0	2	2	2	1	0	1	0	0	2	2
"E1676_579"	2	2	0	2	0	0	2	2	0	2	2	2	1	0	1	0	0	2	2
"E1146_654"	2	2	0	2	0	0	2	2	0	2	2	2	1	0	1	0	0	2	2
"E1705_525"	2	2	0	2	0	0	2	2	0	2	2	2	1	0	1	0	0	2	2
"E947_102"	0	0	2	0	0	0	2	0	0	2	0	0	0	0	0	2	0	2	2
"E1733_522"	2	2	0	2	0	0	2	2	0	2	1	1	0	0	1	0	0	2	2
"E753_528"	2	2	0	2	0	0	2	2	0	2	2	2	1	0	1	0	0	2	2
"E1188_101"	0	0	2	0	2	0	1	0	0	2	0	0	0	0	0	2	2	2	2
"E164_333"	2	2	0	2	2	0	0	0	0	2	0	0	0	0	0	0	0	1	2
"E18_753"	2	2	0	2	0	0	2	2	0	2	2	2	1	0	1	0	0	2	2
"E4_342"	0	0	2	0	2	2	0	0	1	0	0	0	0	1	0	0	0	2	2
"E557_430"	2	2	0	2	2	0	2	2	0	2	1	0	1	0	1	0	0	2	2
"E1854_258"	2	2	0	2	2	0	0	0	0	2	0	0	0	0	0	0	0	2	2
"E1873_334"	2	2	0	2	2	0	2	2	0	2	0	0	0	0	0	0	0	2	2
"E515_100"	0	0	2	2	2	0	2	0	0	2	0	0	0	0	0	2	0	2	2
"E56_313"	2	2	2	1	2	2	0	0	0	2	0	0	0	0	0	0	0	2	2
"E1784_118"	0	0	0	2	2	0	2	0	0	2	0	0	0	0	0	2	0	2	2
"E1555_749"	2	2	0	2	0	0	2	2	0	2	2	2	1	0	1	0	0	2	2
"E578_558"	2	2	0	2	1	0	2	2	0	2	2	2	1	0	1	0	0	2	2
"E192_660"	2	2	0	2	0	0	2	2	0	2	2	2	1	0	1	0	0	2	2
"E1685_151"	0	0	2	1	2	0	2	0	1	2	0	0	0	0	0	2	0	2	2
"E484_529"	0	0	2	0	2	2	0	0	1	0	0	0	0	1	0	0	0	2	2
"E589_651"	0	0	2	0	2	2	0	0	1	0	0	0	0	1	0	0	0	2	2
"E214_34"	0	0	0	0	0	0	2	0	0	1	0	0	0	0	0	2	2	2	2
"E1626_376"	2	2	0	2	2	0	0	0	0	2	0	0	0	0	0	0	0	2	2
"E1365_107"	0	0	1	0	0	0	2	0	0	2	0	0	0	0	0	2	2	2	2
"E1969_172"	0	0	2	2	2	2	2	0	1	2	0	0	0	0	0	2	0	2	2
"E1957_789"	2	2	0	2	0	0	2	2	0	2	2	2	1	0	1	0	0	2	2
"E344_163"	0	0	2	2	2	0	2	0	0	2	0	0	0	0	0	2	0	2	2
"E1499_247"	1	2	2	1	2	2	0	0	0	1	0	0	0	0	0	0	0	2	2
"E1279_619"	0	0	2	0	2	2	0	0	1	0	0	0	0	1	0	0	0	2	2
"E591_486"	0	0	2	0	2	2	0	0	1	0	0	0	0	1	0	0	0	2	2
"E514_391"	2	2	0	2	0	0	2	2	0	2	2	2	1	0	1	0	0	2	2
"E430_743"	2	2	0	2	0	0	2	2	0	2	2	2	1	0	1	0	0	2	2
"E1459_268"	2	2	2	2	2	2	0	0	0	2	0	0	0	0	0	0	0	2	2
"E1441_195"	0	2	2	2	2	1	1	0	0	2	0	0	0	0	0	0	0	2	2
"E127_482"	0	0	2	0	2	2	0	0	1	0	0	0	0	1	0	0	0	2	2
"E324_197"	2	2	2	2	2	2	0	0	0	2	0	0	0	0	0	0	0	2	2
"E173_762"	2	2	0	2	0	0	2	2	0	2	2	2	1	0	1	0	0	2	1
"E853_123"	0	0	1	1	1	0	2	0	0	2	0	0	0	0	0	2	0	2	2
"E287_428"	2	2	0	2	2	0	2	2	0	2	0	0	0	0	0	0	0	2	2
"E1145_198"	0	0	1	2	2	0	2	0	0	2	0	0	0	0	0	0	0	2	2
"E868_439"	0	0	2	0	2	2	0	0	1	0	0	0	0	1	0	0	0	2	2
"E1351_725"	2	2	0	2	0	0	2	2	0	1	2	2	1	0	1	0	0	2	2
"E945_570"	2	2	0	2	0	0	2	2	0	2	2	2	1	0	1	0	0	2	2
"E1684_315"	0	0	2	0	2	2	0	0	1	0	0	0	0	1	0	0	0	2	2
"E738_19"	0	0	0	0	0	0	2	0	0	2	0	0	0	0	0	2	2	2	2
"E1154_204"	2	2	2	2	2	2	2	0	0	2	0	0	0	0	0	0	0	2	2
"E76_527"	2	2	0	2	0	0	2	2	0	2	2	2	1	0	1	0	0	2	2
"E1892_89"	0	0	1	0	2	0	1	0	0	2	0	0	0	0	0	2	0	2	1
"E1580_410"	2	2	0	2	2	0	0	0	0	2	0	0	0	0	0	0	0	2	2
"E1438_741"	2	2	0	2	0	0	1	2	0	2	2	2	1	0	1	0	0	2	2
"E1164_558"	0	0	2	0	2	2	0	0	1	0	0	0	0	1	0	0	0	2	2
"E1707_324"	2	2	2	1	2	2	0	0	0	2	0	0	0	0	0	0	0	2	2
"E102_606"	2	2	0	2	0	0	2	2	0	2	2	2	1	0	1	0	0	2	2
"E268_73"	0	0	1	0	0	0	2	0	0	2	0	0	0	0	0	2	2	2	2
"E530_71"	0	0	0	0	0	0	2	0	0	2	0	0	0	0	0	2	2	2	2
"E1296_200"	0	0	2	0	2	2	0	0	1	2	0	0	0	0	0	0	0	2	2
"E1385_384"	2	2	0	2	2	0	2	2	0	2	0	0	0	0	0	0	0	2	2
"E1065_311"	0	0	1	0	2	2	0	0	1	0	0	0	0	1	0	0	0	1	2
"E1709_541"	0	0	2	0	2	2	0	0	1	0	0	0	0	1	0	0	0	2	2
"E1206_360"	2	2	2	2	2	2	0	0	0	2	0	0	0	0	0	0	0	2	2
"E498_247"	0	0	2	0	2	2	2	0	1	1	0	0	0	0	0	0	0	2	2
"E332_164"	0	0	2	2	2	0	2	0	0	2	0	0	0	0	0	2	0	2	2
"E1804_149"	0	0	2	1	1	0	2	0	1	2	0	0	0	0	0	2	0	2	2
"E1726_309"	2	2	0	2	2	0	0	0	0	2	0	0	0	0	0	0	0	2	2
"E1786_704"	0	0	2	0	2	2	0	0	1	0	0	0	0	1	0	0	0	2	2
"E1584_200"	0	0	2	2	2	2	0	0	0	2	0	0	0	0	0	0	0	2	2
"E129_75"	0	0	0	0	0	0	2	0	0	2	0	0	0	0	0	2	1	2	2
"E1664_442"	2	2	0	2	2	0	2	2	0	2	0	0	0	0	0	0	0	2	2
"E1100_18"	0	0	0	0	0	0	2	0	0	2	0	0	0	0	0	2	2	1	2
"E472_794"	2	2	0	2	0	0	2	2	0	2	2	2	1	0	1	0	0	2	2
"E303_572"	2	2	0	2	0	0	2	2	0	2	2	2	1	0	1	0	0	2	2
"E280_403"	0	0	2	0	2	2	0	0	1	0	0	0	0	1	0	0	0	2	2
"E1997_518"	0	0	2	0	2	2	0	0	1	0	0	0	0	1	0	0	0	2	2
"E1149_250"	0	0	2	0	2	2	0	0	1	0	0	0	0	1	0	0	0	2	2
"E1540_223"	0	0	2	0	2	2	0	0	1	2	0	0	0	0	0	0	0	2	2
"E1891_707"	0	0	2	0	2	2	0	0	1	0	0	0	0	1	0	0	0	2	2
"E1222_296"	0	0	2	0	2	2	0	0	1	0	0	0	0	1	0	0	0	1	2
"E1835_165"	0	0	2	2	2	1	2	0	1	2	0	0	0	0	0	2	0	2	2
"E547_177"	0	0	2	2	2	0	2	0	0	2	0	0	0	0	0	0	0	2	2
"E558_307"	2	2	2	2	2	2	0	0	0	2	0	0	0	0	0	0	0	2	2
"E36_371"	0	0	2	0	2	2	0	0	1	0	0	0	0	1	0	0	0	2	2
"E511_618"	2	2	0	2	0	0	2	2	0	2	2	2	1	0	1	0	0	2	2
"E1387_420"	2	2	0	2	0	0	2	2	0	2	2	2	1	0	1	0	0	2	2
"E502_766"	2	2	0	2	0	0	2	2	0	2	2	2	1	0	1	0	0	2	2
"E1215_432"	0	0	1	0	2	2	0	0	1	0	0	0	0	1	0	0	0	2	2
"E1091_533"	2	2	0	2	0	0	2	2	0	2	2	2	1	0	1	0	0	2	2
"E8_14"	0	0	0	0	0	0	1	0	0	2	0	0	0	0	0	2	2	1	1
"E1940_95"	0	0	2	0	2	0	2	0	0	2	0	0	0	0	0	2	0	2	2
"E1622_431"	2	2	0	2	2	0	2	2	0	2	0	1	1	0	0	0	0	2	2
"E141_799"	2	2	0	2	0	0	2	2	0	1	2	2	1	0	1	0	0	2	2
"E1442_639"	2	2	0	2	0	0	2	2	0	2	2	2	1	0	1	0	0	2	2
"E115_430"	0	0	2	0	2	0	2	0	0	2	0	0	0	0	0	0	0	2	2
"E1143_52"	0	0	0	0	0	0	2	0	0	2	0	0	0	0	0	2	2	2	2
"E1558_677"	0	0	2	0	2	2	0	0	1	0	0	0	0	1	0	0	0	2	2
"E1383_571"	0	0	2	0	2	2	0	0	1	0	0	0	0	1	0	0	0	2	2
"E1530_665"	2	2	0	2	0	0	2	2	0	2	2	2	1	0	1	0	0	2	2
"E260_673"	0	0	2	0	2	2	0	0	1	0	0	0	0	1	0	0	0	2	2
"E61_615"	0	0	2	0	2	2	0	0	1	0	0	0	0	1	0	0	0	2	2
"E1568_277"	1	2	2	2	2	2	0	0	0	2	0	0	0	0	0	0	0	2	2
"E456_507"	2	2	0	2	0	0	2	2	0	2	2	2	1	0	1	0	0	2	2
"E890_292"	2	2	0	2	2	1	0	0	0	2	0	0	0	0	0	0	0	1	2
"E900_739"	0	0	2	0	2	2	0	0	1	0	0	0	0	1	0	0	0	2	2
"E1975_178"	0	0	1	0	0	0	2	0	0	1	0	0	0	0	0	0	0	1	2
"E1650_191"	0	0	2	0	2	2	0	0	1	2	0	0	0	0	0	0	0	1	2
"E1658_302"	2	2	0	2	2	0	0	0	0	2	0	0	0	0	0	0	0	2	2
"E1163_517"	2	2	0	2	0	0	2	2	0	2	2	2	1	0	1	0	0	2	2
"E1490_454"	0	0	2	0	2	2	0	0	1	0	0	0	0	1	0	0	0	2	2
"E1311_564"	2	2	0	2	0	0	2	2	0	2	2	2	1	0	1	0	0	2	2
"E643_709"	2	2	0	2	0	0	2	2	0	2	2	2	1	0	1	0	0	2	2
"E872_122"	0	0	2	2	2	0	2	0	0	2	0	0	0	0	0	2	0	2	2
"E1864_411"	2	2	0	2	2	0	2	2	0	2	0	0	0	0	0	0	0	2	1
"E1744_469"	0	0	2	0	2	2	0	0	1	0	0	0	0	1	0	0	0	2	2
"E1995_478"	2	2	0	2	0	0	2	2	0	2	2	2	1	0	1	0	0	2	2
"E460_90"	0	0	1	0	0	0	2	0	0	2	0	0	0	0	0	2	2	2	2
"E450_483"	2	2	0	2	0	0	2	2	0	2	2	2	1	0	1	0	0	2	2
"E1011_58"	0	0	0	0	0	0	2	0	0	2	0	0	0	0	0	2	1	2	2
"E723_135"	0	0	1	2	2	0	2	0	0	2	0	0	0	0	0	2	0	2	1
"E1200_158"	0	0	2	2	2	0	2	0	0	2	0	0	0	0	0	2	0	2	2
"E1859_208"	0	0	2	2	2	0	2	0	0	2	0	0	0	0	0	0	0	2	1
"E1887_482"	2	2	0	2	0	0	2	2	0	2	2	2	1	0	1	0	0	2	1
"E1576_272"	0	0	2	1	2	2	0	0	1	2	0	0	0	0	0	0	0	2	2
"E1170_323"	0	0	2	0	2	2	0	0	1	0	0	0	0	1	0	0	0	2	2
"E1202_290"	2	2	2	2	2	0	0	0	0	2	0	0	0	0	0	0	0	2	2
"E655_732"	0	0	2	0	2	2	0	0	1	0	0	0	0	1	0	0	0	2	2
"E40_66"	0	0	0	0	0	0	2	0	0	2	0	0	0	0	0	2	2	2	2
"E310_201"	0	0	2	2	2	1	0	0	1	2	0	0	0	0	0	2	0	2	2
"E866_76"	0	0	0	0	0	0	2	0	0	2	0	0	0	0	0	2	2	2	2
"E1052_401"	2	2	0	2	2	0	2	2	0	1	0	0	0	0	0	0	0	2	2
"E625_467"	2	2	0	2	0	0	2	2	0	2	2	2	1	0	1	0	0	2	2
"E919_627"	0	0	2	0	2	0	2	0	0	2	0	0	0	0	0	0	0	2	2
"E1177_725"	0	0	2	0	2	2	0	0	1	0	0	0	0	1	0	0	0	1	2
"E1381_150"	0	0	2	2	2	0	2	0	0	2	0	0	0	0	0	2	0	2	2
"E1655_317"	2	2	0	2	2	0	1	0	0	2	0	0	0	0	0	0	0	2	2
"E810_625"	0	0	2	0	2	2	0	0	1	0	0	0	0	1	0	0	0	2	2
"E1016_272"	2	2	2	2	2	2	0	0	0	2	0	0	0	0	0	0	0	2	2
"E1258_430"	0	0	2	0	2	2	0	0	1	0	0	0	0	1	0	0	0	2	2
"E765_191"	2	1	2	2	2	0	2	2	0	2	0	0	0	0	0	2	0	2	2
"E423_553"	0	0	2	0	2	2	0	0	1	0	0	0	0	1	0	0	0	2	2
"E940_64"	0	0	0	0	0	0	2	0	0	2	0	0	0	0	0	2	2	2	2
"E1155_449"	0	0	2	0	2	2	0	0	1	0	0	0	0	1	0	0	0	2	2
"E649_476"	2	1	0	2	0	0	1	2	0	2	2	2	1	0	1	0	0	2	2
"E1553_119"	0	0	2	1	0	0	2	0	0	2	0	0	0	0	0	2	0	2	1
"E912_49"	0	0	0	0	0	0	2	0	0	2	0	0	0	0	0	2	2	2	2
"E1876_163"	0	0	2	2	1	2	0	0	0	2	0	0	0	0	0	2	0	2	2
"E1966_766"	2	2	0	2	0	0	2	2	0	2	2	2	1	0	1	0	0	2	2
"E320_720"	2	2	0	2	0	0	2	2	0	2	2	2	1	0	1	0	0	2	2
"E1356_669"	0	0	2	0	2	2	0	0	1	0	0	0	0	1	0	0	0	2	2
"E820_155"	0	0	2	2	2	0	2	0	0	2	0	0	0	0	0	2	0	2	2
"E680_645"	2	2	0	2	0	0	2	2	0	2	2	2	1	0	1	0	0	2	1
"E1953_235"	2	2	2	1	2	2	0	0	0	2	0	0	0	0	0	0	0	2	2
"E1758_568"	2	2	0	2	0	0	2	2	0	2	2	2	1	0	1	0	0	2	2
"E283_391"	0	0	2	0	2	2	0	0	1	0	0	0	0	1	0	0	0	2	2
"E266_57"	0	0	0	0	0	0	2	0	0	2	0	0	0	0	0	2	2	2	2
"E1998_258"	0	0	2	0	2	1	1	0	1	2	0	0	0	0	0	0	0	2	2
"E1153_559"	2	2	0	2	0	0	2	2	0	2	2	2	1	0	1	0	0	2	2
"E1586_531"	2	2	0	2	0	0	2	2	0	2	2	2	1	0	1	0	0	2	2
"E1370_787"	0	0	2	0	2	2	0	0	1	0	0	0	0	1	0	0	0	2	2
"E1700_369"	0	0	2	0	2	2	0	0	1	0	0	0	0	1	0	0	0	2	2
"E1882_708"	2	2	0	2	0	0	2	2	0	2	2	2	1	0	1	0	0	2	2
"E1721_670"	2	2	0	2	0	0	2	2	0	2	2	2	1	0	1	0	0	2	2
"E463_560"	2	2	0	2	0	0	2	2	0	2	2	2	1	0	1	0	0	2	2
"E482_250"	0	0	2	0	2	2	1	0	1	0	0	0	0	1	0	0	0	2	2
"E636_794"	2	2	0	2	0	0	2	2	0	2	2	2	1	0	1	0	0	1	2
"E1292_451"	0	0	2	0	2	2	0	0	1	0	0	0	0	1	0	0	0	2	2
"E1075_755"	2	2	0	2	0	0	2	2	0	2	2	2	1	0	1	0	0	2	2
"E1101_254"	0	0	2	0	2	2	0	0	1	0	0	0	0	1	0	0	0	2	2
"E163_11"	0	0	0	0	0	0	2	0	0	2	0	0	0	0	0	2	2	1	2
"E128_613"	2	2	0	2	0	0	2	2	0	2	2	2	1	0	1	0	0	2	2
"E276_84"	0	0	0	0	0	0	2	0	0	2	0	0	0	0	0	2	1	2	2
"E162_456"	2	2	0	2	0	0	2	2	0	2	2	2	1	0	1	0	0	2	2
"E62_551"	0	0	2	0	1	2	0	0	1	0	0	0	0	1	0	0	0	2	2
"E1871_142"	0	0	2	1	2	0	2	0	0	2	0	0	0	0	0	0	0	2	2
"E1730_381"	0	0	2	0	2	2	0	0	1	0	0	0	0	1	0	0	0	2	2
"E1394_554"	0	0	2	0	2	2	0	0	1	0	0	0	0	1	0	0	0	2	2
"E1190_363"	2	2	0	2	1	0	2	2	0	2	0	0	0	0	0	0	0	2	2
"E95_727"	2	2	0	2	0	0	2	2	0	2	2	2	1	0	1	0	0	2	2
"E548_571"	0	0	2	0	2	2	0	0	1	0	0	0	0	1	0	0	0	2	2
"E883_262"	2	2	0	2	2	1	2	0	0	2	0	0	0	0	0	0	0	2	2
"E1220_205"	0	0	2	0	2	2	0	0	1	2	0	0	0	0	0	0	0	2	2
"E229_20"	0	0	0	0	0	0	2	0	0	2	0	0	0	0	0	2	2	2	1
"E299_549"	2	2	0	2	0	0	2	2	0	2	2	2	1	0	1	0	0	2	2
"E448_46"	0	0	0	0	0	0	2	0	0	2	0	0	0	0	0	2	2	2	2
"E1769_617"	0	0	2	0	2	2	0	0	1	0	0	0	0	1	0	0	0	2	2
"E1557_228"	2	2	0	2	2	0	0	0	0	2	0	0	0	0	0	0	0	2	2
"E644_288"	2	2	2	2	2	2	0	0	0	2	0	0	0	0	0	0	0	2	2
"E783_190"	0	0	2	2	1	2	1	0	1	2	0	0	0	0	0	0	0	2	2
"E922_278"	2	2	2	2	2	2	0	0	0	2	0	0	0	0	0	0	0	2	2
"E94_669"	2	2	0	2	0	0	2	2	0	2	2	2	1	0	1	0	0	2	2
"E1093_133"	0	0	2	1	2	0	2	0	0	2	0	0	0	0	0	2	0	2	2
"E1062_145"	0	0	2	2	2	0	2	0	0	2	0	0	0	0	0	2	0	2	2
"E1211_174"	0	0	2	1	1	0	1	0	1	2	0	0	0	0	0	0	0	2	2
"E1791_535"	2	2	0	2	0	0	2	2	0	2	2	2	1	0	1	0	0	2	2
"E1005_178"	0	0	2	2	2	1	2	0	0	2	0	0	0	0	0	2	0	2	2
"E1307_17"	0	0	0	0	0	0	2	0	0	1	0	0	0	0	0	2	2	2	2
"E1114_408"	2	2	0	2	2	0	2	2	0	2	0	0	0	0	0	0	0	2	2
"E314_422"	2	2	0	2	2	0	2	1	0	2	0	0	0	0	0	0	0	2	2
"E66_671"	2	2	0	2	0	0	2	2	0	2	2	2	1	0	1	0	0	2	2
"E889_770"	2	2	0	2	0	0	2	2	0	2	2	2	1	0	1	0	0	2	2
"E1905_657"	2	2	0	2	0	0	2	2	0	2	2	2	1	0	1	0	0	1	2
"E1120_220"	0	0	2	0	2	0	1	0	0	1	0	0	0	0	0	0	0	2	2
"E1732_222"	0	0	1	2	2	2	0	0	0	1	0	0	0	0	0	0	0	1	2
"E53_395"	0	0	2	0	2	2	0	0	1	0	0	0	0	1	0	0	0	2	2
"E438_676"	0	0	2	0	2	2	0	0	1	0	0	0	0	1	0	0	0	2	2
"E1898_114"	0	0	2	1	0	0	2	0	0	2	0	0	0	0	0	2	0	2	2
"E55_390"	0	0	1	0	2	1	0	0	1	0	0	0	0	1	0	0	0	2	2
"E1059_371"	0	0	2	0	2	2	0	0	1	2	0	0	0	0	0	0	0	2	2
"E1098_203"	0	0	2	1	2	2	2	0	1	2	0	0	0	0	0	0	0	2	2
"E863_737"	2	2	0	2	0	0	2	2	0	2	2	2	1	0	1	0	0	2	2
"E1547_195"	2	2	2	1	1	0	2	1	0	1	0	0	0	0	0	2	0	2	2
"E309_399"	0	0	2	0	2	2	0	0	1	0	0	0	0	1	0	0	0	2	2
"E1277_248"	2	2	2	2	2	2	0	0	0	2	0	0	0	0	0	0	0	2	2
"E166_167"	0	0	2	1	2	1	2	0	1	2	0	0	0	0	0	2	0	2	2
"E131_292"	2	2	0	2	2	1	0	0	0	1	0	0	0	0	0	0	0	2	2
"E733_48"	0	0	0	0	0	0	2	0	0	2	0	0	0	0	0	2	2	2	2
"E845_386"	2	2	0	2	2	0	2	2	0	2	0	0	0	0	0	0	0	2	2
"E622_468"	2	2	0	2	2	0	2	2	0	2	0	0	0	0	0	0	0	2	2
"E995_94"	0	0	0	0	0	0	2	0	0	2	0	0	0	0	0	2	0	2	2
"E1947_208"	0	1	2	2	1	0	2	0	0	2	0	0	0	0	0	2	0	2	2
"E740_710"	2	2	0	2	0	0	2	2	0	2	2	2	1	0	1	0	0	2	2
"E988_648"	0	0	2	0	2	2	0	0	1	0	0	0	0	1	0	0	0	2	2
"E365_710"	2	2	0	2	0	0	2	2	0	2	2	2	1	0	1	0	0	2	2
"E1377_527"	2	2	0	2	0	0	2	2	0	2	2	2	1	0	1	0	0	2	2
"E1083_57"	0	0	0	0	0	0	2	0	0	2	0	0	0	0	0	2	2	2	2
"E420_126"	0	0	2	2	2	0	2	0	0	2	0	0	0	0	0	2	0	1	2
"E617_569"	2	2	0	2	0	0	2	2	0	2	1	2	1	0	1	0	0	2	2
"E1312_613"	0	0	2	0	2	2	0	0	1	0	0	0	0	1	0	0	0	2	1
"E849_511"	2	2	0	2	0	0	2	2	0	2	2	2	1	0	1	0	0	2	2
"E1302_573"	0	0	2	0	2	2	0	0	1	0	0	0	0	1	0	0	0	2	1
"E844_3"	0	0	0	0	0	0	0	0	0	0	0	0	0	0	0	0	2	0	0
"E1046_63"	0	0	0	0	0	0	2	0	0	2	0	0	0	0	0	2	1	2	2
"E671_283"	0	0	2	0	2	2	0	0	1	0	0	0	0	1	0	0	0	2	1
"E1736_529"	2	2	0	2	0	0	2	2	0	2	2	2	1	0	1	0	0	2	2
"E800_449"	0	0	2	0	2	2	0	0	1	1	0	0	0	0	0	0	0	2	2
"E1604_573"	2	2	0	2	2	0	2	2	0	2	0	0	0	0	0	0	0	2	2
"E88_256"	0	0	2	0	2	2	0	0	1	0	0	0	0	1	0	0	0	2	2
"E199_441"	2	2	0	2	1	0	2	2	0	2	0	0	0	0	0	0	0	2	2
"E1469_494"	0	0	2	0	2	2	0	0	1	0	0	0	0	1	0	0	0	2	2
"E628_690"	2	2	0	2	0	0	2	2	0	2	2	2	1	0	1	0	0	2	2
"E600_733"	0	0	2	0	2	2	0	0	1	0	0	0	0	1	0	0	0	2	2
"E51_642"	2	2	0	2	0	0	2	2	0	2	2	2	1	0	1	0	0	2	2
"E1912_141"	0	0	2	2	2	0	2	0	0	2	0	0	0	0	0	0	0	2	2
"E1889_772"	0	0	2	0	2	2	0	0	1	0	0	0	0	1	0	0	0	2	2
"E1265_620"	2	2	0	2	0	0	2	2	0	2	2	2	1	0	1	0	0	2	2
"E1686_218"	0	0	2	0	1	2	0	0	1	2	0	0	0	0	0	0	0	2	2
"E1457_603"	2	2	0	2	0	0	2	2	0	1	2	2	1	0	1	0	0	2	2
"E1928_761"	2	2	0	2	0	0	2	2	0	2	2	2	1	0	1	0	0	2	2
"E1451_111"	0	0	1	0	1	0	2	0	0	2	0	0	0	0	0	2	0	2	2
"E1927_277"	0	0	2	0	2	2	0	0	1	1	0	0	0	0	0	0	0	1	2
"E294_124"	0	0	2	2	0	0	2	0	0	2	0	0	0	0	0	2	0	2	2
"E26_231"	2	2	2	2	2	2	0	0	0	2	0	0	0	0	0	0	0	2	2
"E1544_500"	0	0	2	0	2	2	0	0	1	0	0	0	0	1	0	0	0	2	2
"E771_184"	0	0	2	2	2	2	1	0	1	2	0	0	0	0	0	0	0	2	2
"E353_319"	2	2	0	2	2	0	0	0	0	2	0	0	0	0	0	0	0	2	2
"E183_449"	0	0	2	0	2	2	0	0	1	0	0	0	0	1	0	0	0	1	2
"E1818_664"	2	2	0	2	0	0	1	2	0	2	2	2	1	0	1	0	0	1	2
"E956_506"	2	2	0	2	0	0	2	2	0	1	2	2	1	0	1	0	0	2	2
"E1965_404"	0	0	2	0	2	2	0	0	1	0	0	0	0	1	0	0	0	2	2
"E403_44"	0	0	0	0	0	0	2	0	0	2	0	0	0	0	0	2	2	2	2
"E510_640"	0	0	2	0	2	2	0	0	1	0	0	0	0	1	0	0	0	2	2
"E1272_99"	0	0	0	0	0	0	2	0	0	2	0	0	0	0	0	2	0	2	2
"E1771_233"	2	1	2	1	2	2	0	0	0	1	0	0	0	0	0	0	0	2	2
"E1539_269"	2	2	0	2	2	0	2	1	0	1	0	0	0	0	0	0	0	2	1
"E433_133"	0	0	2	0	0	0	2	0	0	2	0	0	0	0	0	2	0	2	2
"E1552_63"	0	0	0	0	0	0	2	0	0	2	0	0	0	0	0	2	2	2	1
"E646_747"	2	2	0	2	0	0	2	2	0	2	2	2	1	0	1	0	0	2	2
"E1135_497"	2	2	0	2	0	0	2	2	0	2	2	2	1	0	1	0	0	2	2
"E713_151"	0	0	2	2	2	0	2	0	0	2	0	0	0	0	0	2	0	2	2
"E762_774"	2	2	0	2	0	0	2	2	0	2	2	2	1	0	1	0	0	2	2
"E1112_754"	0	0	2	0	2	2	0	0	1	0	0	0	0	1	0	0	0	2	2
"E523_265"	0	0	2	0	1	2	0	0	1	0	0	0	0	1	0	0	0	2	2
"E1251_459"	2	2	0	2	2	0	0	0	0	2	0	0	0	0	0	0	0	2	2
"E20_418"	0	0	2	0	2	2	0	0	1	0	0	0	0	1	0	0	0	2	2
"E601_592"	2	2	0	2	0	0	2	2	0	2	2	2	1	0	1	0	0	2	2
"E1661_786"	0	0	2	0	2	2	0	0	1	0	0	0	0	1	0	0	0	2	2
"E197_399"	2	2	0	2	2	0	2	2	0	2	0	0	0	0	0	0	0	2	1
"E1502_648"	0	0	2	0	2	2	0	0	1	0	0	0	0	1	0	0	0	2	2
"E1712_757"	2	2	0	2	0	0	2	2	0	2	2	2	1	0	1	0	0	2	2
"E1234_579"	2	2	0	2	0	0	2	2	0	2	2	2	1	0	1	0	0	2	2
"E1318_5"	0	0	0	0	0	0	0	0	0	0	0	0	0	0	0	0	2	1	0
"E325_173"	0	1	2	2	1	2	1	0	0	2	0	0	0	0	0	0	0	2	2
"E982_45"	0	0	0	0	0	0	2	0	0	2	0	0	0	0	0	2	2	1	2
"E921_272"	0	0	2	0	2	2	0	0	1	2	0	0	0	0	0	0	0	2	2
"E1269_3"	0	0	0	0	0	0	0	0	0	0	0	0	0	0	0	0	2	0	0
"E1715_709"	2	2	0	2	0	0	2	2	0	2	2	2	1	0	1	0	0	2	1
"E272_386"	0	0	2	0	2	2	0	0	1	0	0	0	0	1	0	0	0	2	2
"E445_389"	0	0	2	0	2	2	0	0	1	0	0	0	0	1	0	0	0	2	2
"E1063_230"	2	2	2	2	2	1	0	0	0	2	0	0	0	0	0	0	0	2	2
"E454_337"	2	2	0	2	2	0	0	0	0	2	0	0	0	0	0	0	0	2	2
"E1535_694"	2	2	0	1	0	0	2	2	0	2	2	2	1	0	1	0	0	2	2
"E522_314"	2	2	0	2	2	0	0	0	0	2	0	0	0	0	0	0	0	1	2
"E1315_276"	1	2	0	2	2	0	0	0	0	2	0	0	0	0	0	0	0	2	2
"E582_136"	0	0	2	0	2	0	2	0	0	2	0	0	0	0	0	2	0	2	2
"E658_782"	0	0	1	0	2	2	0	0	1	0	0	0	0	1	0	0	0	2	2
"E297_221"	1	1	2	2	2	2	0	0	0	2	0	0	0	0	0	0	0	2	2
"E1304_229"	0	0	2	0	2	2	0	0	0	2	0	0	0	0	0	0	0	1	2
"E1040_565"	0	0	2	0	2	2	0	0	1	0	0	0	0	1	0	0	0	2	2
"E809_775"	0	0	2	0	2	2	0	0	1	0	0	0	0	1	0	0	0	2	2
"E209_43"	0	0	0	0	0	0	2	0	0	2	0	0	0	0	0	2	2	1	2
"E1663_106"	0	0	0	0	1	0	2	0	0	2	0	0	0	0	0	2	0	2	2
"E1425_130"	0	0	1	0	2	0	2	0	0	2	0	0	0	0	0	2	0	2	2
"E357_783"	2	2	0	2	0	0	2	2	0	2	2	2	1	0	1	0	0	2	2
"E135_331"	2	2	0	2	2	0	0	0	0	1	0	0	0	0	0	0	0	2	2
"E6_770"	2	2	0	2	0	0	2	2	0	2	2	2	1	0	1	0	0	2	2
"E1261_593"	0	0	2	0	2	2	0	0	1	0	0	0	0	1	0	0	0	2	2
"E869_796"	2	2	0	2	0	0	2	2	0	2	2	2	1	0	1	0	0	2	2
"E1739_409"	0	0	2	0	2	2	0	0	1	0	0	0	0	1	0	0	0	2	2
"E1131_33"	0	0	0	0	0	0	2	0	0	2	0	0	0	0	0	2	2	1	2
"E985_635"	0	0	2	0	2	2	0	0	1	0	0	0	0	1	0	0	0	2	2
"E483_374"	0	0	2	0	2	2	0	0	1	0	0	0	0	1	0	0	0	2	2
"E1411_666"	2	2	0	2	0	0	2	2	0	2	2	2	1	0	1	0	0	2	2
"E795_722"	2	2	0	2	0	0	2	2	0	2	2	2	1	0	1	0	0	2	2
"E1327_537"	0	0	1	0	2	2	0	0	1	0	0	0	0	1	0	0	0	2	2
"E1129_212"	0	0	2	0	2	1	0	0	1	2	0	0	0	0	0	0	0	2	2
"E464_80"	0	0	0	0	0	0	2	0	0	2	0	0	0	0	0	2	1	2	2
"E17_609"	2	2	0	2	0	0	2	2	0	2	2	2	1	0	1	0	0	2	2
"E1919_44"	0	0	0	0	0	0	2	0	0	2	0	0	0	0	0	2	1	2	2
"E1738_460"	2	2	0	2	0	0	2	2	0	2	2	2	1	0	1	0	0	2	2
"E1976_652"	2	2	0	2	0	0	2	2	0	2	2	2	1	0	1	0	0	2	2
"E1727_385"	2	2	0	2	2	0	1	2	0	2	0	0	0	0	0	0	0	2	2
"E906_216"	0	0	2	0	2	2	0	0	1	1	0	0	0	0	0	0	0	2	2
"E246_170"	0	0	2	1	2	0	2	0	0	2	0	0	0	0	0	2	0	2	2
"E1319_498"	2	2	0	2	0	0	2	2	0	2	1	2	1	0	1	0	0	2	2
"E1853_690"	2	2	0	2	0	0	2	2	0	2	2	2	1	0	1	0	0	2	2
"E1689_453"	2	2	0	2	0	0	2	2	0	2	2	2	1	0	1	0	0	2	2
"E1025_56"	0	0	0	0	0	0	2	0	0	2	0	0	0	0	0	2	2	2	2
"E311_390"	0	0	2	0	2	2	0	0	1	0	0	0	0	1	0	0	0	2	2
"E901_230"	2	2	2	2	2	0	2	1	0	2	0	0	0	0	0	0	0	2	2
"E340_125"	0	0	2	1	0	0	2	0	0	2	0	0	0	0	0	2	0	2	2
"E1176_235"	0	0	2	0	2	2	0	0	1	2	0	0	0	0	0	0	0	2	2
"E1690_68"	0	0	0	0	0	0	2	0	0	2	0	0	0	0	0	2	1	2	2
"E46_235"	0	0	2	0	2	2	0	0	1	2	0	0	0	0	0	0	0	2	2
"E1941_183"	0	0	2	2	2	1	2	0	0	2	0	0	0	0	0	0	0	2	2
"E938_319"	0	0	2	0	2	2	0	0	1	1	0	0	0	0	0	0	0	2	2
"E821_187"	0	0	2	2	2	1	1	0	0	2	0	0	0	0	0	0	0	2	2
"E715_61"	0	0	0	0	0	0	2	0	0	2	0	0	0	0	0	2	2	2	2
"E1528_108"	0	0	0	0	1	0	2	0	0	2	0	0	0	0	0	2	2	2	2
"E1858_145"	0	0	2	1	2	0	2	0	0	1	0	0	0	0	0	2	0	2	2
"E1609_83"	0	0	0	0	1	0	2	0	0	2	0	0	0	0	0	2	1	2	2
"E941_608"	2	2	0	2	0	0	2	2	0	2	2	2	1	0	1	0	0	2	2
"E533_562"	2	2	0	2	0	0	2	2	0	2	2	2	1	0	1	0	0	2	2
"E328_388"	2	2	0	2	1	0	2	2	0	2	1	0	0	0	1	0	0	2	2
"E729_24"	0	0	0	0	0	0	2	0	0	2	0	0	0	0	0	2	2	1	2
"E647_517"	2	2	0	2	0	0	2	2	0	2	2	2	1	0	1	0	0	2	2
"E1777_527"	2	2	0	2	0	0	2	2	0	2	2	2	1	0	1	0	0	2	2
"E158_549"	2	2	0	2	0	0	2	1	0	2	1	2	1	0	1	0	0	2	2
"E296_336"	2	2	0	2	2	0	0	0	0	2	0	0	0	0	0	0	0	2	2
"E436_456"	2	2	0	2	0	0	2	2	0	2	1	2	1	0	1	0	0	2	2
"E1483_535"	2	2	0	2	0	0	2	2	0	2	2	2	1	0	1	0	0	2	2
"E1118_316"	2	2	0	2	1	0	1	0	0	1	0	0	0	0	0	0	0	2	2
"E157_186"	0	0	2	2	2	0	2	0	0	2	0	0	0	0	0	2	0	2	2
"E1209_649"	0	0	2	0	2	2	0	0	1	0	0	0	0	1	0	0	0	2	2
"E1268_516"	0	0	2	0	2	2	0	0	1	0	0	0	0	1	0	0	0	2	2
"E1656_441"	2	2	0	2	0	0	2	2	0	2	2	2	1	0	1	0	0	2	2
"E813_388"	2	2	0	2	2	0	0	0	0	2	0	0	0	0	0	0	0	1	2
"E1598_588"	0	0	2	0	2	2	0	0	1	0	0	0	0	1	0	0	0	2	2
"E1300_764"	2	2	0	2	0	0	2	2	0	2	2	2	1	0	1	0	0	2	2
"E239_49"	0	0	0	0	0	0	2	0	0	2	0	0	0	0	0	2	2	2	2
"E787_507"	2	2	0	1	0	0	2	2	0	2	2	2	1	0	1	0	0	2	2
"E19_275"	0	0	2	0	2	2	0	0	1	0	0	0	0	1	0	0	0	2	2
"E1378_111"	0	0	1	0	2	0	2	0	0	2	0	0	0	0	0	2	0	2	2
"E105_282"	2	0	2	1	2	2	0	0	0	2	0	0	0	0	0	0	0	2	2
"E1447_374"	2	2	0	2	2	0	0	0	0	2	0	0	0	0	0	0	0	2	2
"E1399_454"	0	0	2	0	2	2	0	0	1	0	0	0	0	1	0	0	0	2	2
"E470_86"	0	0	0	0	2	0	2	0	0	2	0	0	0	0	0	2	2	2	2
"E989_73"	0	0	0	0	0	0	2	0	0	2	0	0	0	0	0	2	1	2	2
"E734_727"	2	2	0	2	0	0	2	2	0	2	2	2	1	0	1	0	0	2	2
"E667_501"	2	2	0	2	0	0	2	2	0	2	2	0	1	0	1	0	0	2	2
"E1110_277"	2	2	2	2	2	2	0	0	0	2	0	0	0	0	0	0	0	2	2
"E1488_315"	0	0	2	0	2	2	0	0	1	2	0	0	0	0	0	0	0	2	2
"E1478_191"	0	0	2	2	2	0	2	0	0	2	0	0	0	0	0	0	0	2	1
"E1141_390"	0	0	2	0	2	2	0	0	1	0	0	0	0	1	0	0	0	2	2
"E1050_245"	2	2	2	2	2	2	0	0	0	2	0	0	0	0	0	0	0	2	2
"E598_359"	0	0	2	0	2	2	0	0	1	0	0	0	0	1	0	0	0	2	2
"E508_237"	2	2	2	2	2	2	2	0	0	2	0	0	0	0	0	0	0	2	2
"E1151_600"	0	0	2	0	2	2	0	0	1	0	0	0	0	1	0	0	0	2	2
"E635_103"	0	0	2	0	2	0	2	0	0	2	0	0	0	0	0	2	0	2	2
"E1041_351"	2	2	0	2	2	0	0	0	0	2	0	0	0	0	0	0	0	2	2
"E333_226"	2	2	2	2	2	2	0	0	0	2	0	0	0	0	0	0	0	2	2
"E958_145"	0	0	2	2	2	0	2	0	0	2	0	0	0	0	0	2	0	2	2
"E1923_197"	0	0	1	0	2	2	0	0	1	2	0	0	0	0	0	0	0	2	2
"E1737_663"	2	2	0	2	0	0	2	2	0	2	2	2	1	0	1	0	0	2	2
"E882_570"	0	0	2	0	2	2	0	0	1	0	0	0	0	1	0	0	0	2	2
"E181_783"	2	2	0	2	0	0	2	2	0	2	2	2	1	0	1	0	0	2	2
"E495_592"	0	0	2	0	2	0	0	0	1	2	0	0	0	0	0	0	0	2	2
"E675_650"	0	0	2	0	2	2	0	0	1	0	0	0	0	1	0	0	0	2	2
"E1695_737"	2	2	0	2	0	0	2	2	0	2	2	2	1	0	1	0	0	2	2
"E388_478"	2	2	0	2	0	0	1	2	0	2	2	2	1	0	1	0	0	2	2
"E792_341"	0	0	1	0	2	2	0	0	1	0	0	0	0	1	0	0	0	2	2
"E1078_171"	0	0	2	2	2	0	2	0	0	2	0	0	0	0	0	0	0	2	2
"E122_530"	2	2	0	2	0	0	2	2	0	2	2	2	1	0	1	0	0	2	2
"E447_765"	2	2	0	2	0	0	2	2	0	2	2	2	1	0	1	0	0	2	2
"E991_712"	2	2	0	2	0	0	2	2	0	2	2	2	1	0	1	0	0	2	2
"E1516_357"	0	0	2	0	1	2	0	0	1	0	0	0	0	1	0	0	0	2	2
"E203_337"	2	2	0	2	2	0	1	2	0	2	0	0	0	0	0	0	0	2	2
"E997_799"	0	0	2	0	2	2	0	0	1	0	0	0	0	1	0	0	0	2	2
"E867_285"	0	0	2	0	2	2	0	0	1	0	0	0	0	1	0	0	0	2	2
"E843_133"	0	0	2	1	1	0	2	0	0	2	0	0	0	0	0	2	0	1	2
"E1938_741"	0	0	2	0	2	2	0	0	1	0	0	0	0	1	0	0	0	2	2
"E631_345"	2	2	0	2	2	0	0	0	0	2	0	0	0	0	0	0	0	2	2
"E1755_626"	2	2	0	2	0	0	2	2	0	2	2	2	1	0	1	0	0	2	2
"E252_589"	2	2	0	2	0	0	2	2	0	2	2	2	1	0	1	0	0	2	2
"E1904_773"	2	2	0	2	0	0	2	2	0	2	2	2	1	0	1	0	0	2	1
"E1697_521"	2	2	0	2	0	0	2	2	0	2	2	2	1	0	1	0	0	2	2
"E630_153"	0	0	2	2	1	0	2	0	0	2	0	0	0	0	0	2	0	2	2
"E1006_393"	2	2	0	2	2	0	0	0	0	2	0	0	0	0	0	0	0	2	2
"E233_737"	0	0	2	0	2	2	0	0	1	0	0	0	0	1	0	0	0	1	2
"E1949_577"	2	2	0	2	0	0	2	2	0	2	2	2	1	0	1	0	0	2	2
"E1740_121"	0	0	2	1	0	0	2	0	0	2	0	0	0	0	0	1	0	2	2
"E1192_379"	0	0	2	0	2	2	0	0	1	0	0	0	0	1	0	0	0	2	2
"E668_157"	0	0	2	0	2	0	2	0	0	2	0	0	0	0	0	1	0	2	2
"E3_525"	2	2	0	2	0	0	2	2	0	2	2	2	1	0	1	0	0	2	2
"E326_453"	0	0	2	0	2	2	0	0	1	0	0	0	0	1	0	0	0	2	2
"E134_370"	2	2	0	2	2	0	0	0	0	2	0	0	0	0	0	0	0	2	2
"E139_374"	2	2	0	2	0	0	2	2	0	2	2	2	1	0	1	0	0	2	2
"E606_433"	2	2	0	2	2	0	0	0	0	2	0	0	0	0	0	0	0	2	2
"E170_152"	0	0	2	1	2	0	2	0	0	2	0	0	0	0	0	2	0	2	2
"E172_418"	2	2	0	2	2	0	2	2	0	2	0	0	0	0	0	0	0	2	2
"E846_685"	2	2	0	2	0	0	2	2	0	2	2	2	1	0	1	0	0	2	2
"E1992_221"	0	0	2	0	2	2	0	0	1	2	0	0	0	0	0	0	0	2	2
"E1033_101"	0	0	2	1	1	0	2	0	0	2	0	0	0	0	0	2	0	2	2
"E1113_21"	0	0	0	0	0	0	2	0	0	2	0	0	0	0	0	2	2	2	2
"E1930_143"	0	0	2	2	2	0	2	0	0	1	0	0	0	0	0	2	0	2	1
"E575_370"	2	2	0	2	2	0	2	2	0	2	0	0	0	0	0	0	0	2	2
"E1055_225"	0	0	2	0	2	2	0	0	1	1	0	0	0	1	0	0	0	2	2
"E760_651"	0	0	2	0	2	2	0	0	1	0	0	0	0	1	0	0	0	2	2
"E1076_734"	2	2	0	2	0	0	2	2	0	2	2	2	1	0	1	0	0	2	2
"E1665_619"	2	2	0	2	0	0	2	2	0	2	2	2	1	0	1	0	0	2	2
"E1945_323"	1	2	2	2	2	2	0	0	0	2	0	0	0	0	0	0	0	2	2
"E1888_794"	2	2	0	2	0	0	2	2	0	2	2	2	1	0	1	0	0	2	2
"E1986_251"	0	0	2	0	2	2	0	0	1	2	0	0	0	0	0	0	0	2	2
"E1879_425"	2	2	0	2	2	0	2	2	0	2	0	0	0	0	0	0	0	2	2
"E1505_113"	0	0	2	1	2	0	1	0	0	2	0	0	0	0	0	2	0	2	2
"E1422_617"	2	2	0	2	0	0	2	2	0	2	2	2	1	0	1	0	0	2	2
"E74_797"	2	2	0	2	0	0	2	2	0	2	2	2	1	0	1	0	0	2	2
"E1369_708"	0	0	2	0	2	2	0	0	1	0	0	0	0	1	0	0	0	2	2
"E1452_701"	0	0	2	0	2	2	0	0	1	0	0	0	0	1	0	0	0	2	2
"E1009_207"	2	1	2	2	2	2	0	0	0	2	0	0	0	0	0	0	0	2	2
"E1612_621"	0	0	2	0	2	2	0	0	1	0	0	0	0	1	0	0	0	2	1
"E735_256"	2	2	1	2	2	1	0	0	0	2	0	0	0	0	0	0	0	2	2
"E1309_17"	0	0	0	0	0	0	2	0	0	2	0	0	0	0	0	2	2	2	2
"E1828_758"	0	0	2	0	2	2	0	0	1	0	0	0	0	1	0	0	0	2	2
"E546_152"	0	0	2	2	2	0	2	0	0	2	0	0	0	0	0	2	0	2	2
"E1218_750"	2	2	0	2	0	0	2	2	0	2	2	2	1	0	1	0	0	2	2
"E1214_527"	2	2	0	2	0	0	2	2	0	1	2	2	1	0	1	0	0	2	2
"E604_374"	2	2	0	2	2	0	0	0	0	2	0	0	0	0	0	0	0	2	2
"E519_690"	2	2	0	2	0	0	2	2	0	2	2	2	1	0	1	0	0	2	2
"E1823_765"	0	0	2	0	2	2	0	0	1	0	0	0	0	1	0	0	0	2	1
"E1477_440"	2	2	0	2	2	0	0	0	0	2	0	0	0	0	0	0	0	2	2
"E22_736"	2	2	0	2	0	0	2	2	0	2	2	2	1	0	1	0	0	1	1
"E1794_570"	0	0	2	0	2	2	0	0	1	0	0	0	0	1	0	0	0	2	2
"E138_39"	0	0	0	0	0	0	2	0	0	2	0	0	0	0	0	2	2	2	2
"E1510_528"	0	0	2	0	2	2	0	0	1	0	0	0	0	1	0	0	0	2	2
"E267_661"	2	2	0	2	0	0	2	2	0	2	2	2	1	0	1	0	0	2	2
"E1233_717"	2	2	0	2	0	0	2	2	0	2	2	2	1	0	1	0	0	2	2
"E1936_766"	2	2	0	2	0	0	2	2	0	2	2	2	1	0	1	0	0	2	2
"E1325_30"	0	0	0	0	0	0	2	0	0	1	0	0	0	0	0	2	2	2	2
"E611_191"	0	0	2	2	2	2	0	0	0	2	0	0	0	0	0	1	0	2	2
"E1579_575"	2	2	0	2	0	0	2	2	0	2	2	2	1	0	1	0	0	2	2
"E1413_212"	2	2	2	2	2	2	0	0	0	2	0	0	0	0	0	0	0	2	2
"E1486_566"	2	2	0	2	0	0	2	2	0	2	2	2	1	0	1	0	0	2	2
"E1653_14"	0	0	0	0	0	0	2	0	0	1	0	0	0	0	0	2	2	2	2
"E759_551"	2	2	0	2	0	0	2	2	0	2	2	2	1	0	0	0	0	2	2
"E1156_595"	0	0	2	0	2	2	0	0	1	0	0	0	0	1	0	0	0	2	2
"E97_620"	0	0	2	0	2	2	0	0	1	0	0	0	0	1	0	0	0	2	2
"E370_42"	0	0	0	0	0	0	2	0	0	2	0	0	0	0	0	2	2	2	2
"E663_569"	2	2	0	2	0	0	2	2	0	2	2	2	1	0	1	0	0	1	2
"E137_745"	0	0	2	0	2	2	0	0	1	0	0	0	0	1	0	0	0	2	2
"E1473_650"	0	0	2	0	2	2	0	0	1	0	0	0	0	1	0	0	0	2	1
"E1566_388"	2	2	0	2	2	0	0	0	0	2	0	0	0	0	0	0	0	2	2
"E318_124"	0	0	2	0	2	0	2	0	0	2	0	0	0	0	0	2	2	2	2
"E401_17"	0	0	0	0	0	0	2	0	0	2	0	0	0	0	0	2	2	2	1
"E1293_539"	2	2	0	2	0	0	2	2	0	2	2	2	1	0	1	0	0	2	2
"E465_462"	2	2	0	2	0	0	2	2	0	2	2	2	1	0	1	0	0	2	2
"E369_476"	2	2	0	2	0	0	2	2	0	2	1	2	1	0	1	0	0	2	2
"E184_199"	0	0	2	2	2	2	0	0	1	2	0	0	0	0	0	2	0	2	2
"E1851_518"	0	0	2	0	2	2	0	0	1	0	0	0	0	1	0	0	0	2	2
"E1671_234"	0	0	2	0	2	2	0	0	1	1	0	0	0	0	0	0	0	2	2
"E226_49"	0	0	0	0	0	0	2	0	0	2	0	0	0	0	0	2	2	1	2
"E1752_736"	2	2	0	2	0	0	2	2	0	2	2	2	1	0	1	0	0	1	2
"E984_48"	0	0	0	0	0	0	2	0	0	2	0	0	0	0	0	2	2	2	2
"E1228_8"	0	0	0	0	0	0	1	0	0	0	0	0	0	0	0	1	2	1	1
"E120_759"	2	2	0	2	0	0	2	2	0	2	2	2	1	0	1	0	0	2	2
"E490_162"	0	0	2	2	2	0	1	0	0	2	0	0	0	0	0	1	0	2	2
"E751_31"	0	0	0	0	0	0	1	0	0	2	0	0	0	0	0	2	2	2	2
"E641_451"	2	2	0	2	2	0	2	2	0	1	0	0	0	0	0	0	0	2	2
"E848_517"	2	2	0	2	2	0	2	2	0	1	0	0	0	0	0	0	0	2	2
"E264_454"	0	0	2	0	2	2	0	0	1	0	0	0	0	1	0	0	0	2	2
"E1389_201"	0	0	2	0	2	2	1	0	1	2	0	0	0	0	0	0	0	2	2
"E1042_763"	2	2	0	2	0	0	2	2	0	2	2	2	1	0	1	0	0	2	2
"E12_643"	2	2	0	2	0	0	2	2	0	2	2	2	1	0	1	0	0	2	2
"E1822_238"	2	2	2	2	1	2	0	0	0	2	0	0	0	0	0	0	0	2	1
"E263_482"	0	0	2	0	2	2	0	0	1	0	0	0	0	1	0	0	0	2	2
"E1982_473"	2	2	0	1	0	0	2	2	0	2	1	2	1	0	1	0	0	2	2
"E1629_340"	0	0	2	0	2	2	0	0	1	0	0	0	0	1	0	0	0	2	2
"E1832_523"	0	0	1	0	2	2	0	0	1	0	0	0	0	1	0	0	0	1	2
"E915_392"	0	0	2	0	2	2	0	0	1	0	0	0	0	1	0	0	0	2	2
"E819_100"	0	0	1	0	2	0	2	0	0	2	0	0	0	0	0	2	1	2	2
"E1637_91"	0	0	0	0	0	0	2	0	0	2	0	0	0	0	0	2	0	2	2
"E99_247"	0	0	2	0	2	2	0	0	1	2	0	0	0	0	0	0	0	2	2
"E854_587"	0	0	2	0	2	1	0	0	1	0	0	0	0	1	0	0	0	2	2
"E614_173"	0	0	1	2	2	2	2	0	1	2	0	0	0	0	0	2	0	1	2
"E1615_379"	0	0	2	0	2	2	0	0	1	0	0	0	0	1	0	0	0	2	2
"E1826_194"	2	2	2	2	2	2	0	0	0	1	0	0	0	0	0	0	0	2	2
"E678_107"	0	0	0	0	2	0	2	0	0	2	0	0	0	0	0	2	0	2	2
"E777_404"	0	0	2	0	2	2	0	0	1	0	0	0	0	1	0	0	0	2	2
"E1634_482"	2	2	0	2	0	0	2	2	0	1	2	2	1	0	1	0	0	2	2
"E1981_286"	0	0	2	0	2	2	0	0	1	0	0	0	0	0	0	0	0	2	2
"E1456_450"	2	2	0	2	1	0	2	2	0	2	2	2	1	0	0	0	0	2	2
"E0_730"	0	0	2	0	2	2	0	0	1	0	0	0	0	1	0	0	0	2	2
"E1783_98"	0	0	1	0	2	0	2	0	0	2	0	0	0	0	0	2	0	2	2
"E151_213"	2	2	2	2	2	1	0	0	0	2	0	0	0	0	0	0	0	2	2
"E1616_343"	0	0	2	0	1	2	0	0	1	0	0	0	0	1	0	0	0	2	2
"E1144_763"	2	2	0	2	0	0	1	2	0	2	2	2	1	0	1	0	0	2	2
"E1133_770"	0	0	2	0	2	2	0	0	1	0	0	0	0	1	0	0	0	2	2
"E1409_427"	2	2	0	2	1	0	2	2	0	2	0	0	0	0	0	0	0	1	1
"E624_506"	0	0	2	0	2	2	0	0	1	0	0	0	0	1	0	0	0	2	2
"E109_462"	2	2	0	2	0	0	2	2	0	2	2	2	1	0	1	0	0	1	2
"E1994_490"	0	0	2	0	2	1	0	0	1	0	0	0	0	1	0	0	0	1	2
"E1951_277"	0	0	2	0	2	2	0	0	1	2	0	0	0	0	0	0	0	2	2
"E1788_265"	2	2	2	2	2	1	0	0	0	2	0	0	0	0	0	0	0	2	2
"E1814_92"	0	0	0	0	0	0	2	0	0	2	0	0	0	0	0	2	0	2	2
"E1226_416"	0	0	2	0	2	2	0	0	1	0	0	0	0	1	0	0	0	2	2
"E478_413"	2	2	0	2	2	0	2	2	0	2	0	0	0	0	0	0	0	2	2
"E1435_288"	0	0	2	0	2	2	0	0	1	1	0	0	0	1	0	0	0	2	2
"E908_765"	2	2	0	2	0	0	2	2	0	1	2	2	1	0	1	0	0	2	2
"E142_156"	0	0	2	0	2	0	2	0	0	2	0	0	0	0	0	2	0	2	2
"E202_89"	0	0	1	0	0	0	2	0	0	2	0	0	0	0	0	2	0	2	2
"E1242_151"	0	0	2	2	2	1	2	0	0	2	0	0	0	0	0	2	0	2	2
"E688_741"	0	0	2	0	2	2	0	0	1	0	0	0	0	1	0	0	0	2	2
"E1498_422"	0	0	2	0	2	2	0	0	1	0	0	0	0	1	0	0	0	2	2
"E659_304"	2	2	1	2	2	2	0	0	0	2	0	0	0	0	0	0	0	2	2
"E1286_240"	0	0	2	1	2	2	1	0	1	2	0	0	0	0	0	0	0	2	2
"E1602_454"	0	0	2	0	2	2	0	0	1	0	0	0	0	1	0	0	0	2	2
"E1531_649"	2	2	0	2	0	0	2	2	0	2	2	2	1	0	1	0	0	2	2
"E764_145"	0	0	2	2	2	0	1	0	0	2	0	0	0	0	0	2	0	2	2
"E1964_527"	0	0	2	0	2	2	0	0	1	0	0	0	0	1	0	0	0	2	2
"E1766_256"	2	2	1	2	2	1	0	0	0	2	0	0	0	0	0	0	0	2	2
"E1092_10"	0	0	0	0	0	0	1	0	0	1	0	0	0	0	0	2	2	1	1
"E1639_552"	0	0	2	0	2	2	0	0	1	0	0	0	0	1	0	0	0	2	2
"E1081_175"	0	0	2	2	2	1	0	0	1	2	0	0	0	0	0	2	0	2	2
"E827_59"	0	0	0	0	0	0	2	0	0	2	0	0	0	0	0	2	2	1	2
"E1313_681"	0	0	2	0	2	2	0	0	1	0	0	0	0	1	0	0	0	2	2
"E371_769"	0	0	2	0	2	2	0	0	1	0	0	0	0	1	0	0	0	2	2
"E1595_658"	0	0	2	0	2	2	0	0	1	0	0	0	0	1	0	0	0	2	1
"E234_91"	0	0	1	0	2	0	2	0	0	2	0	0	0	0	0	2	0	2	2
"E155_709"	2	2	0	2	0	0	2	2	0	2	2	2	1	0	1	0	0	2	2
"E45_446"	2	2	0	2	0	0	2	2	0	2	2	1	0	0	1	0	0	2	2
"E981_662"	2	2	0	2	0	0	2	2	0	2	2	2	1	0	1	0	0	2	2
"E1073_783"	2	2	0	2	0	0	2	2	0	2	2	2	1	0	1	0	0	2	2
"E1952_481"	0	0	2	0	2	2	0	0	1	0	0	0	0	1	0	0	0	1	2
"E1339_672"	2	2	0	2	0	0	2	2	0	2	2	2	1	0	1	0	0	2	2
"E378_475"	2	2	0	2	0	0	2	2	0	2	2	2	1	0	1	0	0	2	2
"E345_568"	2	2	0	2	0	0	2	2	0	2	2	2	1	0	1	0	0	2	2
"E672_370"	0	0	1	0	2	2	0	0	1	2	0	0	0	0	0	0	0	2	1
"E1273_603"	0	0	2	0	2	2	0	0	1	0	0	0	0	1	0	0	0	2	2
"E1035_785"	0	0	2	0	2	2	0	0	1	0	0	0	0	1	0	0	0	2	2
"E1914_665"	0	0	2	0	2	2	0	0	1	0	0	0	0	1	0	0	0	2	2
"E349_467"	0	0	2	0	2	2	0	0	1	0	0	0	0	1	0	0	0	2	2
"E637_16"	0	0	0	0	0	0	2	0	0	2	0	0	0	0	0	2	2	1	2
"E620_430"	0	0	2	0	2	2	0	0	1	0	0	0	0	1	0	0	0	2	2
"E91_452"	2	2	0	2	2	0	2	2	0	2	0	0	0	0	0	0	0	2	2
"E1285_62"	0	0	0	0	0	0	2	0	0	2	0	0	0	0	0	2	2	2	2
"E986_497"	0	0	2	0	2	2	0	0	1	0	0	0	0	1	0	0	0	2	2
"E220_482"	2	2	0	2	0	0	2	2	0	2	2	2	1	0	1	0	0	2	2
"E493_293"	2	2	0	2	2	0	0	0	0	2	0	0	0	0	0	0	0	1	1
"E1908_474"	0	0	2	0	2	2	0	0	1	0	0	0	0	1	0	0	0	2	2
"E101_531"	0	0	1	0	2	0	0	0	1	2	0	0	0	0	0	0	0	2	2
"E1390_94"	0	0	2	0	0	0	2	0	0	2	0	0	0	0	0	2	2	2	2
"E1094_676"	2	2	0	2	0	0	2	2	0	2	2	2	1	0	1	0	0	2	2
"E1717_122"	0	0	2	1	2	0	2	0	0	2	0	0	0	0	0	2	0	2	2
"E1317_704"	2	2	0	2	0	0	2	2	0	2	2	2	1	0	1	0	0	2	2
"E167_484"	0	0	2	0	2	2	0	0	1	0	0	0	0	1	0	0	0	2	2
"E909_519"	2	2	0	2	0	0	2	2	0	2	2	2	1	0	1	0	0	2	2
"E216_350"	2	2	0	2	2	0	0	0	0	2	0	0	0	0	0	0	0	2	2
"E1463_697"	0	0	2	0	2	2	0	0	1	0	0	0	0	1	0	0	0	2	2
"E1462_729"	2	2	0	2	0	0	2	2	0	2	1	2	1	0	1	0	0	2	2
"E1330_380"	0	0	2	0	2	2	0	0	1	0	0	0	0	1	0	0	0	2	2
"E1373_456"	2	2	0	2	2	0	2	2	0	1	0	0	0	0	0	0	0	2	2
"E857_152"	0	0	1	2	2	0	2	0	0	2	0	0	0	0	0	0	0	2	1
"E892_516"	2	2	0	2	0	0	2	2	0	2	2	2	1	0	1	0	0	2	2
"E1072_585"	0	0	2	0	2	2	0	0	1	0	0	0	0	1	0	0	0	2	2
"E208_715"	0	0	2	0	2	2	0	0	1	0	0	0	0	1	0	0	0	2	2
"E1613_500"	2	2	0	2	2	0	2	2	0	2	0	0	0	0	0	0	0	2	2
"E1780_315"	0	0	2	0	2	2	0	0	1	0	0	0	0	1	0	0	0	2	2
"E1608_55"	0	0	0	0	0	0	2	0	0	2	0	0	0	0	0	2	2	2	2
"E154_516"	0	0	2	0	2	2	0	0	1	0	0	0	0	1	0	0	0	2	2
"E152_393"	2	2	0	2	0	0	2	2	0	2	2	2	1	0	1	0	0	2	2
"E899_442"	2	2	0	2	1	0	2	2	0	2	1	2	1	0	1	0	0	2	2
"E796_529"	2	2	0	2	0	0	2	2	0	2	2	2	1	0	1	0	0	1	2
"E924_417"	2	2	0	2	2	0	2	2	0	2	0	0	0	0	0	0	0	2	2
"E1476_322"	0	0	2	0	2	1	0	0	1	2	0	0	0	0	0	0	0	2	2
"E1407_189"	0	0	1	2	2	2	1	0	1	2	0	0	0	0	0	2	0	2	2
"E1831_792"	2	2	0	2	0	0	2	2	0	2	2	2	1	0	1	0	0	1	2
"E248_83"	0	0	0	0	2	0	2	0	0	2	0	0	0	0	0	2	0	2	2
"E1298_291"	2	2	0	2	2	0	0	0	0	1	0	0	0	0	0	0	0	2	2
"E9_679"	2	2	0	2	0	0	1	2	0	2	2	2	1	0	1	0	0	2	2
"E82_514"	2	2	0	2	0	0	2	2	0	2	2	2	1	0	1	0	0	2	2
"E1865_629"	0	0	2	0	2	2	0	0	1	0	0	0	0	1	0	0	0	2	2
"E1080_340"	2	2	0	2	2	0	1	1	0	1	0	0	0	0	0	0	0	2	2
"E52_292"	2	2	0	2	2	0	2	2	0	2	0	0	0	0	0	0	0	2	2
"E1509_625"	2	2	0	2	0	0	2	2	0	2	2	2	1	0	1	0	0	2	2
"E222_242"	0	0	2	0	2	1	0	0	1	2	0	0	0	0	0	0	0	2	2
"E551_82"	0	0	0	0	0	0	2	0	0	2	0	0	0	0	0	2	0	2	2
"E1495_591"	0	0	2	0	2	2	0	0	1	0	0	0	0	1	0	0	0	1	2
"E1874_324"	2	2	0	2	2	0	2	1	0	2	0	0	0	0	0	0	0	2	1
"E1480_74"	0	0	0	0	0	0	2	0	0	2	0	0	0	0	0	2	2	2	2
"E1564_423"	2	2	0	2	0	0	2	2	0	1	2	2	1	0	1	0	0	1	2
"E755_367"	2	2	0	2	2	0	1	1	0	2	0	0	0	0	0	0	0	2	2
"E706_525"	2	2	0	2	0	0	2	2	0	2	2	2	1	0	1	0	0	2	2
"E190_314"	2	2	0	2	2	0	0	0	0	2	0	0	0	0	0	0	0	1	2
"E68_504"	2	2	0	2	0	0	2	2	0	2	2	2	1	0	1	0	0	2	2
"E907_194"	0	0	2	0	2	2	0	0	1	2	0	0	0	0	0	0	0	2	2
"E852_122"	0	0	2	0	2	0	2	0	0	2	0	0	0	0	0	2	1	2	1
"E1207_51"	0	0	0	0	0	0	2	0	0	2	0	0	0	0	0	2	2	2	1
"E1856_185"	0	0	2	2	2	1	2	0	0	2	0	0	0	0	0	1	0	2	1
"E1185_264"	2	2	2	2	2	2	0	0	0	2	0	0	0	0	0	0	0	2	2
"E1124_691"	0	0	2	0	2	2	0	0	1	0	0	0	0	1	0	0	0	2	2
"E1089_292"	2	2	0	2	2	0	0	0	0	2	0	0	0	0	0	0	0	1	2
"E1578_672"	2	2	0	2	0	0	2	2	0	2	2	2	1	0	1	0	0	2	2
"E1295_500"	0	0	2	0	2	1	0	0	1	0	0	0	0	1	0	0	0	2	2
"E159_451"	0	0	2	0	2	2	0	0	1	0	0	0	0	1	0	0	0	2	2
"E124_302"	0	0	2	0	2	2	0	0	1	0	0	0	0	1	0	0	0	2	2
"E1446_371"	2	2	0	2	2	0	0	0	0	2	0	0	0	0	0	0	0	2	2
"E41_278"	2	2	0	2	2	0	0	0	0	1	0	0	0	0	0	0	0	2	2
"E1574_36"	0	0	0	0	0	0	2	0	0	2	0	0	0	0	0	2	2	1	2
"E609_284"	2	2	0	2	2	0	0	0	0	2	0	0	0	0	0	0	0	2	2
"E1125_25"	0	0	0	0	0	0	2	0	0	1	0	0	0	0	0	2	2	2	2
"E567_156"	0	0	2	1	2	0	2	0	0	2	0	0	0	0	0	0	0	1	2
"E1199_48"	0	0	0	0	0	0	2	0	0	2	0	0	0	0	0	2	2	2	2
"E629_693"	2	2	0	2	0	0	2	2	0	2	2	2	1	0	1	0	0	2	2
"E782_374"	0	0	2	0	2	2	0	0	1	0	0	0	0	1	0	0	0	2	2
"E337_530"	0	0	2	0	2	2	0	0	1	0	0	0	0	1	0	0	0	2	2
"E1688_408"	0	0	2	0	2	2	0	0	1	0	0	0	0	1	0	0	0	2	2
"E1181_192"	2	2	2	2	2	1	2	0	0	2	0	0	0	0	0	0	0	2	2
"E48_282"	0	0	2	0	2	2	0	0	1	0	0	0	0	1	0	0	0	2	2
"E182_780"	1	2	0	2	0	0	2	2	0	2	2	2	1	0	1	0	0	2	2
"E1545_283"	2	0	2	0	2	2	0	0	1	2	0	0	0	0	0	0	0	2	2
"E874_591"	2	2	0	2	0	0	2	2	0	2	2	2	1	0	1	0	0	2	2
"E1024_254"	2	2	2	2	2	1	0	0	0	2	0	0	0	0	0	0	0	2	2
"E63_284"	2	2	2	2	2	2	0	0	0	2	0	0	0	0	0	0	0	2	2
"E1418_679"	0	0	2	0	2	2	0	0	1	0	0	0	0	1	0	0	0	2	2
"E1691_644"	0	0	2	0	2	2	0	0	1	0	0	0	0	1	0	0	0	2	2
"E660_711"	2	2	0	2	0	0	2	2	0	2	2	2	1	0	1	0	0	2	2
"E1764_412"	2	2	0	2	2	0	1	0	0	2	0	0	0	0	0	0	0	1	2
"E79_520"	2	2	0	2	0	0	2	2	0	2	2	2	1	0	1	0	0	2	2
"E218_220"	0	0	2	0	2	1	0	0	1	2	0	0	0	0	0	2	0	2	1
"E11_462"	2	2	0	2	0	0	2	2	0	2	1	1	1	0	1	0	0	2	2
"E1900_562"	0	0	2	0	2	2	0	0	1	0	0	0	0	1	0	0	0	2	2
"E1142_373"	0	0	2	0	2	2	0	0	1	0	0	0	0	1	0	0	0	2	2
"E1996_81"	0	0	0	0	1	0	2	0	0	2	0	0	0	0	0	2	0	1	1
"E1068_325"	0	0	1	0	2	2	0	0	1	2	0	0	0	0	0	0	0	2	2
"E1565_556"	2	2	0	2	1	0	2	2	0	2	0	0	0	0	0	0	0	2	2
"E1289_536"	0	0	2	0	2	2	0	0	1	0	0	0	0	1	0	0	0	2	2
"E1787_131"	0	0	1	2	2	0	2	0	0	2	0	0	0	0	0	2	0	2	2
"E93_248"	2	1	2	2	2	2	0	0	0	2	0	0	0	0	0	0	0	2	2
"E236_328"	2	2	0	2	2	0	0	0	0	2	0	0	0	0	0	0	0	1	2
"E488_759"	2	2	0	2	0	0	2	2	0	2	2	2	1	0	1	0	0	2	2
"E1569_340"	2	2	0	2	2	0	0	0	0	2	0	0	0	0	0	0	0	2	2
"E1722_408"	0	0	2	0	2	2	0	0	1	0	0	0	0	1	0	0	0	1	2
"E1518_80"	0	0	0	0	0	0	2	0	0	1	0	0	0	0	0	2	2	2	2
"E999_540"	0	0	2	0	2	2	0	0	1	0	0	0	0	1	0	0	0	1	2
"E1182_436"	2	2	0	2	0	0	2	2	0	2	2	2	1	0	1	0	0	2	2
"E917_309"	0	1	0	0	2	0	0	0	1	2	0	0	0	0	0	0	0	2	2
"E756_509"	0	0	2	0	2	1	0	0	1	0	0	0	0	1	0	0	0	2	2
"E817_15"	0	0	0	0	0	0	2	0	0	2	0	0	0	0	0	1	2	2	2
"E27_175"	2	2	2	2	2	0	2	0	0	2	0	0	0	0	0	0	0	2	2
"E1870_417"	2	2	0	2	2	0	2	2	0	2	0	0	0	0	0	0	0	2	2
"E1543_107"	0	0	0	0	0	0	2	0	0	2	0	0	0	0	0	2	1	2	2
"E1105_670"	2	2	0	2	0	0	2	1	0	2	2	2	1	0	1	0	0	2	2
"E1701_22"	0	0	0	0	0	0	2	0	0	2	0	0	0	0	0	2	2	2	2
"E562_81"	0	0	1	0	1	0	2	0	0	2	0	0	0	0	0	2	1	2	2
"E612_188"	2	2	2	2	2	2	2	0	0	2	0	0	0	0	0	0	0	2	1
"E1970_72"	0	0	0	0	0	0	2	0	0	1	0	0	0	0	0	2	1	2	2
"E475_172"	0	0	2	2	2	0	2	0	0	2	0	0	0	0	0	0	0	2	2
"E145_356"	2	2	0	2	2	0	2	2	0	2	0	0	0	0	0	0	0	2	1
"E1902_162"	0	0	2	2	2	0	2	0	0	2	0	0	0	0	0	2	0	2	2
"E731_581"	0	0	2	0	2	2	0	0	1	0	0	0	0	1	0	0	0	2	2
"E476_303"	0	0	2	0	2	2	0	0	1	0	0	0	0	1	0	0	0	2	2
"E913_255"	0	0	2	0	2	2	0	0	1	1	0	0	0	0	0	0	0	1	1
"E1618_571"	2	2	0	2	2	0	2	2	0	2	0	0	0	0	0	0	0	2	2
"E215_563"	0	0	2	0	2	2	0	0	1	0	0	0	0	1	0	0	0	2	2
"E1099_796"	0	0	2	0	2	2	0	0	1	0	0	0	0	1	0	0	0	2	1
"E457_281"	2	2	0	2	2	0	0	0	0	2	0	0	0	0	0	0	0	2	2
"E951_715"	0	0	2	0	2	2	0	0	1	0	0	0	0	1	0	0	0	2	2
"E244_32"	0	0	0	0	0	0	2	0	0	2	0	0	0	0	0	2	2	2	2
"E650_352"	2	2	0	2	2	0	2	2	0	2	0	0	0	0	0	0	0	2	2
"E286_692"	2	2	0	2	0	0	2	2	0	2	2	2	1	0	1	0	0	2	2
"E1741_56"	0	0	0	0	0	0	2	0	0	2	0	0	0	0	0	2	2	2	2
"E327_663"	0	0	2	0	2	2	0	0	1	0	0	0	0	1	0	0	0	1	2
"E1628_535"	2	2	0	2	0	0	2	2	0	2	2	2	1	0	1	0	0	2	2
"E224_402"	2	2	0	2	0	0	2	2	0	2	2	1	1	0	1	0	0	2	2
"E189_341"	2	2	0	2	2	0	0	0	0	2	0	0	0	0	0	0	0	2	2
"E453_442"	0	0	2	0	2	2	0	0	1	0	0	0	0	1	0	0	0	2	2
"E83_712"	2	2	0	2	0	0	2	2	0	2	2	2	1	0	1	0	0	2	2
"E1800_758"	2	2	0	2	0	0	2	1	0	2	2	2	1	0	1	0	0	2	2
"E707_722"	2	2	0	2	0	0	2	2	0	2	2	2	1	0	1	0	0	2	2
"E133_359"	0	0	2	0	2	2	0	0	1	0	0	0	0	1	0	0	0	2	2
"E1349_489"	2	2	0	2	2	0	2	2	0	2	0	0	0	0	0	0	0	2	2
"E1767_476"	0	0	1	0	2	2	0	0	1	0	0	0	0	1	0	0	0	2	2
"E1428_237"	2	2	1	2	2	2	0	0	0	2	0	0	0	0	0	0	0	2	2
"E1479_457"	2	2	0	2	2	0	2	2	0	2	0	0	0	0	0	0	0	2	1
"E1359_476"	2	2	0	2	0	0	2	2	0	2	2	2	1	0	1	0	0	2	2
"E400_153"	0	0	1	2	2	0	2	0	0	2	0	0	0	0	0	0	0	2	1
"E235_314"	0	0	2	0	2	2	0	0	1	0	0	0	0	1	0	0	0	2	2
"E805_780"	2	2	0	2	0	0	2	2	0	2	2	2	1	0	1	0	0	2	2
"E1829_759"	2	2	0	2	0	0	2	2	0	2	2	2	1	0	1	0	0	2	2
"E1250_728"	2	2	0	2	0	0	2	2	0	1	2	2	1	0	1	0	0	2	1
"E409_561"	0	0	2	0	2	2	0	0	1	0	0	0	0	1	0	0	0	2	2
"E1247_370"	0	0	2	0	2	2	0	0	1	0	0	0	0	1	0	0	0	2	2
"E1004_352"	0	0	2	0	2	2	0	0	1	0	0	0	0	1	0	0	0	2	2
"E317_655"	2	2	0	2	0	0	2	2	0	2	1	2	1	0	1	0	0	2	2
"E342_16"	0	0	0	0	0	0	2	0	0	2	0	0	0	0	0	2	2	2	2
"E330_653"	2	2	0	2	0	0	2	2	0	2	2	2	1	0	1	0	0	2	2
"E96_55"	0	0	0	0	0	0	2	0	0	2	0	0	0	0	0	2	2	2	2
"E1614_382"	0	0	1	0	2	1	0	0	1	0	0	0	0	1	0	0	0	2	2
"E1562_47"	0	0	0	0	0	0	2	0	0	2	0	0	0	0	0	2	2	2	2
"E1933_372"	2	2	0	2	2	0	2	2	0	2	0	0	0	0	0	0	0	2	2
"E520_410"	0	0	2	0	2	2	0	0	1	0	0	0	0	1	0	0	0	2	2
"E1168_563"	2	2	0	2	0	0	2	2	0	2	2	2	1	0	1	0	0	2	2
"E1123_460"	2	2	0	2	0	0	2	2	0	2	2	2	1	0	1	0	0	2	2
"E716_686"	2	2	0	2	0	0	2	2	0	2	2	2	1	0	1	0	0	2	2
"E407_145"	0	0	1	1	2	0	2	0	0	2	0	0	0	0	0	0	0	2	2
"E977_605"	0	0	2	0	2	2	0	0	1	0	0	0	0	1	0	0	0	2	2
"E1617_158"	0	0	2	2	2	0	2	0	0	2	0	0	0	0	0	0	0	2	2
"E1406_507"	2	2	0	2	0	0	2	2	0	1	2	1	1	0	1	0	0	2	2
"E1719_237"	0	0	2	2	2	2	0	0	1	2	0	0	0	0	0	2	0	2	2
"E728_265"	2	2	0	2	2	0	0	0	0	2	0	0	0	0	0	0	0	2	2
"E379_486"	0	0	2	0	2	2	0	0	1	0	0	0	0	1	0	0	0	2	2
"E60_201"	2	2	2	2	2	1	0	0	0	2	0	0	0	0	0	0	0	2	2
"E763_106"	0	0	0	0	1	0	2	0	0	2	0	0	0	0	0	2	2	2	2
"E1429_455"	2	2	0	2	0	0	2	2	0	2	2	2	1	0	1	0	0	2	2
"E249_222"	0	0	2	2	2	1	1	0	0	2	0	0	0	0	0	2	0	2	2
"E1503_550"	2	2	0	2	0	0	2	2	0	2	2	2	1	0	1	0	0	2	2
"E165_675"	0	0	2	0	2	2	0	0	1	0	0	0	0	1	0	0	0	1	2
"E1212_650"	0	0	2	0	2	2	0	0	1	0	0	0	0	1	0	0	0	2	2
"E1347_313"	2	2	0	2	2	0	0	0	0	2	0	0	0	0	0	0	0	2	2
"E160_794"	0	0	2	0	2	2	0	0	1	0	0	0	0	1	0	0	0	2	2
"E1589_342"	2	2	0	2	2	0	0	0	0	2	0	0	0	0	0	0	0	2	2
"E1030_723"	2	2	0	2	0	0	2	2	0	2	2	2	1	0	1	0	0	2	2
"E1990_6"	0	0	0	0	0	0	1	0	0	1	0	0	0	0	0	0	2	0	0
"E1174_64"	0	0	0	0	0	0	2	0	0	2	0	0	0	0	0	2	1	2	2
"E33_493"	0	0	2	0	2	2	0	0	1	0	0	0	0	1	0	0	0	2	1
"E1811_20"	0	0	0	0	0	0	2	0	0	2	0	0	0	0	0	2	2	1	2
"E219_265"	1	0	2	0	2	2	0	0	1	2	0	0	0	0	0	0	0	2	2
"E1396_370"	2	2	0	2	2	0	0	0	0	2	0	0	0	0	0	0	0	2	2
"E339_670"	0	0	2	0	2	2	0	0	1	0	0	0	0	1	0	0	0	2	2
"E992_673"	2	2	0	2	0	0	2	2	0	1	2	2	1	0	1	0	0	2	2
"E952_157"	0	0	2	2	1	0	2	0	0	2	0	0	0	0	0	2	0	2	2
"E58_301"	0	0	2	0	2	2	0	0	1	0	0	0	0	1	0	0	0	2	2
"E39_408"	2	2	0	2	2	0	2	2	0	2	0	0	0	0	0	0	0	2	2
"E282_531"	0	0	2	0	2	2	0	0	1	0	0	0	0	1	0	0	0	2	2
"E1106_468"	2	2	0	2	0	0	2	2	0	2	2	2	1	0	1	0	0	2	2
"E1630_201"	0	0	2	1	2	0	2	0	0	2	0	0	0	0	0	0	0	2	2
"E78_408"	2	2	0	2	2	0	0	0	0	2	0	0	0	0	0	0	0	2	2
"E1893_225"	2	2	2	2	2	0	0	1	0	2	0	0	0	0	0	0	0	2	2
"E788_162"	0	0	2	2	2	2	2	0	1	2	0	0	0	0	0	2	0	2	2
"E1778_55"	0	0	0	0	0	0	2	0	0	2	0	0	0	0	0	2	2	2	1
"E1725_584"	0	0	2	0	2	2	0	0	1	0	0	0	0	1	0	0	0	2	2
"E826_501"	0	0	2	0	2	2	0	0	1	0	0	0	0	1	0	0	0	2	2
"E1920_658"	0	0	2	0	2	2	0	0	1	0	0	0	0	1	0	0	0	2	2
"E677_446"	2	2	0	2	0	0	2	2	0	1	2	2	1	0	1	0	0	2	2
"E1353_97"	0	0	2	0	2	0	1	0	0	2	0	0	0	0	0	2	2	2	2
"E161_239"	2	2	1	2	1	2	0	0	0	2	0	0	0	0	0	2	0	1	2
"E186_396"	2	2	0	2	2	0	1	2	0	2	0	0	0	0	0	0	0	2	2
"E148_209"	2	1	2	1	2	0	2	0	0	2	0	0	0	0	0	0	0	2	2
"E934_147"	0	0	2	2	2	0	2	0	0	2	0	0	0	0	0	0	0	2	2
"E690_796"	2	2	0	1	0	0	2	2	0	1	1	2	1	0	1	0	0	2	2
"E306_498"	2	2	0	2	0	0	2	2	0	2	2	2	1	0	1	0	0	2	2
"E824_526"	0	0	1	0	2	2	0	0	1	0	0	0	0	1	0	0	0	2	2
"E1415_487"	0	0	2	0	2	2	0	0	1	0	0	0	0	1	0	0	0	2	2
"E278_684"	2	2	0	2	0	0	2	2	0	2	2	2	1	0	1	0	0	2	2
"E1245_244"	2	2	2	2	2	2	0	0	0	2	0	0	0	0	0	0	0	2	1
"E1371_521"	2	2	0	2	1	0	2	2	0	2	2	2	1	0	0	0	0	2	2
"E881_716"	2	2	0	2	0	0	2	2	0	2	2	2	1	0	1	0	0	2	2
"E113_129"	0	0	1	2	2	0	2	0	0	2	0	0	0	0	0	2	0	2	2
"E1645_554"	0	0	2	0	2	2	0	0	1	0	0	0	0	1	0	0	0	2	2
"E1056_342"	2	2	0	2	2	0	0	0	0	2	0	0	0	0	0	0	0	2	2
"E413_746"	2	2	0	2	0	0	2	2	0	2	2	2	1	0	1	0	0	2	2
"E970_259"	2	2	0	2	2	0	0	0	0	2	0	0	0	0	0	0	0	2	2
"E1948_499"	2	2	0	2	2	0	2	2	0	2	2	2	1	0	0	0	0	2	2
"E1103_684"	2	2	0	2	0	0	2	2	0	2	2	2	1	0	1	0	0	2	2
"E480_202"	0	0	2	2	2	1	0	0	1	2	0	0	0	0	0	0	0	2	2
"E930_328"	2	2	0	2	2	2	0	0	0	1	0	0	0	0	0	0	0	2	1
"E130_105"	0	0	2	1	2	0	2	0	0	2	0	0	0	0	0	2	0	2	2
"E1756_348"	2	2	2	2	2	2	0	0	0	2	0	0	0	0	0	0	0	2	2
"E935_116"	0	0	2	1	2	0	2	0	0	2	0	0	0	0	0	2	0	2	2
"E1572_303"	0	0	2	0	2	2	0	0	1	0	0	0	0	1	0	0	0	2	2
"E1716_46"	0	0	0	0	0	0	2	0	0	2	0	0	0	0	0	2	2	2	2
"E961_142"	0	0	2	2	2	0	2	0	0	2	0	0	0	0	0	2	0	2	2
"E1253_514"	2	2	0	2	0	0	2	2	0	2	2	2	1	0	1	0	0	2	2
"E289_748"	2	2	0	2	0	0	2	2	0	2	2	2	1	0	1	0	0	2	2
"E293_140"	0	0	2	2	2	0	2	0	0	2	0	0	0	0	0	0	0	2	2
"E1963_705"	2	2	0	2	0	0	2	2	0	2	2	2	1	0	1	0	0	1	2
"E42_521"	2	2	0	2	0	0	2	2	0	2	2	2	1	0	1	0	0	2	2
"E808_403"	0	0	2	0	2	2	0	0	1	0	0	0	0	1	0	0	0	2	2
"E1382_298"	2	2	2	2	2	2	0	0	0	2	0	0	0	0	0	0	0	2	2
"E387_519"	0	0	2	0	2	2	0	0	1	0	0	0	0	1	0	0	0	2	2
"E686_211"	0	0	2	2	2	2	0	0	1	2	0	0	0	0	0	0	0	2	2
"E213_40"	0	0	0	0	0	0	2	0	0	2	0	0	0	0	0	2	2	2	2
"E1935_538"	2	2	0	2	0	0	2	2	0	1	2	1	1	0	1	0	0	1	2
"E1175_757"	2	2	0	2	0	0	2	1	0	2	2	2	1	0	1	0	0	2	2
"E232_253"	2	2	1	2	2	2	0	0	0	2	0	0	0	0	0	0	0	2	2
"E1601_56"	0	0	0	0	0	0	2	0	0	2	0	0	0	0	0	2	2	2	2
"E1430_83"	0	0	0	1	2	0	2	0	0	2	0	0	0	0	0	2	0	2	2
"E1880_443"	0	0	2	0	2	2	0	0	1	0	0	0	0	1	0	0	0	2	2
"E1484_635"	0	0	2	0	2	2	0	0	1	0	0	0	0	1	0	0	0	2	2
"E627_46"	0	0	0	0	0	0	2	0	0	2	0	0	0	0	0	2	2	2	2
"E920_421"	2	2	0	2	2	0	2	2	0	2	0	0	0	0	0	0	0	2	2
"E1140_290"	2	2	0	2	2	0	0	0	0	2	0	0	0	0	0	0	0	2	2
"E1677_695"	0	0	2	0	2	2	0	0	1	0	0	0	0	1	0	0	0	2	1
"E1283_216"	1	0	2	2	2	0	1	0	0	2	0	0	0	0	0	0	0	2	2
"E178_42"	0	0	0	0	0	0	2	0	0	2	0	0	0	0	0	2	2	2	2
"E1855_283"	2	2	0	2	2	0	0	0	0	2	0	0	0	0	0	0	0	2	2
"E85_358"	2	2	0	2	2	0	0	0	0	2	0	0	0	0	0	0	0	1	2
"E652_714"	0	0	2	0	2	1	0	0	1	0	0	0	0	1	0	0	0	2	2
"E1815_440"	0	0	2	0	2	2	0	0	1	0	0	0	0	1	0	0	0	2	2
"E1008_569"	0	0	2	0	2	2	0	0	1	0	0	0	0	1	0	0	0	2	2
"E1379_746"	0	0	2	0	2	2	0	0	1	0	0	0	0	1	0	0	0	2	2
"E1278_345"	2	2	0	2	2	0	1	0	0	2	0	0	0	0	0	0	0	2	2
"E1217_465"	0	0	2	0	2	2	0	0	1	0	0	0	0	1	0	0	0	2	2
"E518_645"	2	2	0	2	0	0	2	2	0	2	2	2	1	0	1	0	0	2	2
"E1375_681"	2	2	0	2	0	0	2	2	0	2	2	2	1	0	1	0	0	2	2
"E1493_425"	0	0	2	0	2	2	0	0	1	0	0	0	0	1	0	0	0	2	2
"E651_341"	2	2	0	2	0	0	2	2	0	2	2	2	1	0	1	0	0	2	2
"E597_347"	2	2	0	2	2	0	0	0	0	2	0	0	0	0	0	0	0	2	2
"E794_323"	2	2	0	2	2	0	1	0	0	2	0	0	0	0	0	0	0	1	2
"E1883_419"	2	2	0	2	2	0	2	2	0	2	0	0	0	0	0	0	0	2	2
"E1954_234"	0	0	2	2	2	2	0	0	1	1	0	0	0	0	0	1	0	2	2
"E994_512"	0	0	2	0	2	2	0	0	1	0	0	0	0	1	0	0	0	2	2
"E307_268"	2	2	0	2	2	0	0	0	0	2	0	0	0	0	0	0	0	2	2
"E743_727"	0	0	1	0	2	2	0	0	1	0	0	0	0	1	0	0	0	2	2
"E1150_425"	2	2	0	2	2	0	2	2	0	1	0	0	0	0	0	0	0	2	2
"E1213_273"	0	0	2	0	2	2	0	0	1	1	0	0	0	0	0	0	0	2	2
"E419_180"	0	0	2	2	2	0	2	0	0	2	0	0	0	0	0	0	0	2	2
"E1034_161"	0	0	2	2	2	0	1	0	0	2	0	0	0	0	0	2	0	2	2
"E884_95"	0	0	1	0	1	0	2	0	0	2	0	0	0	0	0	2	2	2	2
"E1654_381"	2	2	0	2	2	0	2	2	0	2	0	0	0	0	0	0	0	2	2
"E117_530"	2	2	0	2	0	0	2	2	0	2	2	2	1	0	1	0	0	2	2
"E664_13"	0	0	0	0	0	0	2	0	0	1	0	0	0	0	0	2	2	2	1
"E474_483"	2	2	0	2	2	0	2	2	0	2	0	0	0	0	0	0	0	1	2
"E811_423"	2	2	0	2	2	0	2	2	0	2	0	0	0	0	0	0	0	2	2
"E1291_299"	0	0	2	0	2	2	0	0	1	1	0	0	0	1	0	0	0	2	2
"E538_498"	2	2	0	2	0	0	2	2	0	2	2	2	1	0	1	0	0	2	2
"E623_83"	0	0	1	0	0	0	2	0	0	2	0	0	0	0	0	2	0	2	2
"E1440_139"	0	0	0	2	2	0	2	0	0	1	0	0	0	0	0	0	0	2	0
"E1808_722"	0	0	2	0	2	2	0	0	1	0	0	0	0	1	0	0	0	2	2
"E616_327"	2	2	0	2	2	0	0	0	0	2	0	0	0	0	0	0	0	2	2
"E304_283"	0	0	2	0	2	2	0	0	1	0	0	0	0	1	0	0	0	1	2
"E1554_296"	2	2	0	2	2	0	0	0	0	2	0	0	0	0	0	0	0	2	2
"E107_582"	0	0	2	0	2	2	0	0	1	0	0	0	0	1	0	0	0	2	2
"E916_161"	0	0	2	2	2	0	2	0	1	2	0	0	0	0	0	2	0	2	2
"E1723_310"	2	2	1	2	1	0	0	0	0	2	0	0	0	0	0	0	0	2	2
"E1002_245"	2	2	2	2	2	2	0	0	0	2	0	0	0	0	0	0	0	1	2
"E563_284"	2	1	2	1	2	2	0	0	0	1	0	0	0	0	0	0	0	2	2
"E790_387"	2	2	0	2	2	0	2	2	0	2	0	0	0	0	0	0	0	2	2
"E724_439"	2	2	0	2	0	0	2	2	0	2	2	2	1	0	1	0	0	2	2
"E425_231"	2	1	2	2	2	2	0	0	0	2	0	0	0	0	0	0	0	2	2
"E146_479"	2	2	0	2	2	0	2	2	0	2	0	0	0	0	0	0	0	2	2
"E16_241"	0	0	1	1	2	1	0	0	1	1	0	0	0	0	0	0	0	2	2
"E402_762"	2	2	0	2	0	0	2	1	0	2	2	2	1	0	1	0	0	2	2
"E279_654"	2	2	0	2	0	0	2	2	0	1	2	2	1	0	1	0	0	2	2
"E1573_5"	0	0	0	0	0	0	0	0	0	0	0	0	0	0	0	0	2	0	0
"E1166_356"	2	2	0	2	2	0	2	2	0	2	0	0	0	0	0	0	0	2	2
"E462_314"	0	0	2	0	2	2	0	0	1	0	0	0	0	1	0	0	0	2	2
"E1162_375"	0	0	2	0	2	2	0	0	1	0	0	0	0	1	0	0	0	2	2
"E1357_635"	2	2	0	2	0	0	2	2	0	2	2	2	1	0	1	0	0	2	2
"E830_220"	0	0	2	0	2	2	0	0	1	2	0	0	0	0	0	0	0	2	2
"E1590_218"	2	2	2	2	2	1	1	0	0	2	0	0	0	0	0	0	0	1	2
"E1107_97"	0	0	2	0	0	0	2	0	0	2	0	0	0	0	0	2	0	2	2
"E334_732"	2	2	0	2	0	0	2	2	0	2	2	2	1	0	1	0	0	2	2
"E1322_125"	0	0	1	0	2	0	2	0	0	2	0	0	0	0	0	2	0	2	2
"E1958_567"	2	2	0	2	0	0	2	2	0	2	2	2	1	0	1	0	0	2	2
"E44_234"	2	2	2	2	2	2	0	0	0	2	0	0	0	0	0	0	0	2	2
"E381_356"	0	0	2	0	2	2	0	0	1	0	0	0	0	1	0	0	0	2	2
"E1932_385"	2	2	0	2	0	0	2	2	0	2	2	2	1	0	1	0	0	2	2
"E313_710"	2	2	0	2	0	0	2	2	0	2	2	2	1	0	1	0	0	2	2
"E86_659"	2	2	0	2	0	0	2	2	0	2	2	2	1	0	1	0	0	2	2
"E1201_109"	0	0	2	0	2	0	1	0	0	2	0	0	0	0	0	2	0	1	2
"E442_76"	0	0	0	0	0	0	2	0	0	2	0	0	0	0	0	2	2	2	2
"E536_594"	0	0	2	0	2	2	0	0	1	0	0	0	0	1	0	0	0	2	2
"E1420_503"	2	2	0	2	0	0	2	2	0	1	2	2	1	0	1	0	0	2	2
"E1506_366"	2	2	0	2	2	0	2	2	0	2	0	0	0	0	0	0	0	2	2
"E791_565"	0	0	2	0	2	2	0	0	1	0	0	0	0	1	0	0	0	2	2
"E35_598"	0	0	2	0	2	2	0	0	1	0	0	0	0	1	0	0	0	2	2
"E823_180"	0	0	2	2	2	1	2	0	1	2	0	0	0	0	0	2	0	2	2
"E144_612"	0	0	2	0	2	1	0	0	1	0	0	0	0	1	0	0	0	2	2
"E207_35"	0	0	0	0	0	0	2	0	0	2	0	0	0	0	0	2	2	2	2
"E1044_703"	0	0	2	0	2	2	0	0	1	0	0	0	0	1	0	0	0	2	2
"E1913_77"	0	0	0	0	0	0	2	0	0	2	0	0	0	0	0	2	2	2	1
"E1991_40"	0	0	0	0	0	0	2	0	0	2	0	0	0	0	0	2	2	2	2
"E1432_7"	0	0	0	0	0	0	1	0	0	0	0	0	0	0	0	1	2	1	1
"E1977_15"	0	0	0	0	0	0	2	0	0	1	0	0	0	0	0	2	2	1	1
"E592_369"	2	2	0	2	2	0	0	0	0	2	0	0	0	0	0	0	0	2	2
"E305_496"	2	2	0	2	0	0	2	2	0	2	2	2	1	0	1	0	0	2	2
"E1526_288"	0	0	2	0	2	2	0	0	1	0	0	0	0	1	0	0	0	2	2
"E1116_566"	2	2	0	2	0	0	2	2	0	2	2	2	1	0	1	0	0	2	2
"E212_42"	0	0	0	0	0	0	2	0	0	2	0	0	0	0	0	2	2	1	2
"E1054_377"	2	2	0	2	2	0	0	0	0	2	0	0	0	0	0	0	0	2	2
"E555_644"	0	0	2	0	2	2	0	0	1	0	0	0	0	1	0	0	0	2	1
"E1424_60"	0	0	0	0	0	0	2	0	0	2	0	0	0	0	0	2	2	2	2
"E354_752"	2	2	0	2	0	0	2	1	0	2	2	2	1	0	1	0	0	2	2
"E1019_380"	2	2	0	2	2	0	2	2	0	2	0	0	0	0	0	0	0	2	2
"E1331_289"	2	2	0	2	2	0	0	0	0	2	0	0	0	0	0	0	0	2	2
"E877_577"	0	0	2	0	2	2	0	0	1	0	0	0	0	1	0	0	0	2	2
"E1264_157"	0	0	2	2	2	1	2	0	1	2	0	0	0	0	0	2	0	2	2
"E1675_773"	0	0	2	0	2	2	0	0	1	0	0	0	0	1	0	0	0	2	2
"E1014_137"	0	0	2	1	2	0	2	0	0	2	0	0	0	0	0	2	0	2	2
"E417_448"	2	2	0	2	2	0	2	2	0	2	0	0	0	0	0	0	0	2	2
"E1872_363"	0	0	2	0	2	2	0	0	1	1	0	0	0	0	0	0	0	2	2
"E998_455"	2	2	0	2	2	0	2	2	0	2	0	0	0	0	0	0	0	2	2
"E873_343"	2	2	0	2	2	0	0	0	0	2	0	0	0	0	0	0	0	2	2
"E778_767"	2	2	0	2	0	0	2	2	0	1	2	2	1	0	1	0	0	2	2
"E1762_304"	2	2	1	2	2	2	0	0	0	2	0	0	0	0	0	0	0	2	2
"E1942_21"	0	0	0	0	0	0	2	0	0	1	0	0	0	0	0	2	2	1	2
"E1627_773"	2	2	0	2	0	0	2	2	0	2	2	2	1	0	1	0	0	2	2
"E1376_577"	2	2	0	2	0	0	2	2	0	2	2	2	1	0	1	0	0	2	2
"E1646_559"	2	2	0	2	0	0	2	2	0	2	2	2	1	0	1	0	0	2	2
"E247_377"	2	2	0	2	0	0	2	2	0	2	2	2	1	0	0	0	0	2	2
"E15_738"	2	2	0	2	0	0	2	2	0	2	2	2	1	0	1	0	0	2	2
"E1057_511"	0	0	2	0	2	2	0	0	1	0	0	0	0	1	0	0	0	2	2
"E392_555"	0	0	2	0	2	2	0	0	1	0	0	0	0	1	0	0	0	2	2
"E1392_312"	2	2	0	2	1	0	2	2	0	2	0	0	0	0	0	0	0	2	2
"E237_88"	0	0	0	0	0	0	2	0	0	2	0	0	0	0	0	2	1	2	2
"E1852_117"	0	0	2	0	0	0	2	0	0	2	0	0	0	0	0	2	0	2	1
"E559_305"	0	0	2	0	2	2	0	0	1	0	0	0	0	1	0	0	0	2	2
"E532_445"	2	2	0	2	0	0	2	2	0	2	2	2	1	0	1	0	0	2	2
"E642_480"	2	2	0	2	0	0	2	2	0	1	2	2	1	0	1	0	0	2	2
"E534_797"	2	2	0	2	0	0	2	2	0	2	2	2	1	0	1	0	0	2	2
"E1894_210"	0	0	2	0	2	2	0	0	1	2	0	0	0	0	0	0	0	2	2
"E1670_72"	0	0	1	0	0	0	2	0	0	1	0	0	0	0	0	2	2	2	2
"E602_213"	2	2	2	2	2	1	0	0	0	2	0	0	0	0	0	0	0	2	2
"E408_577"	2	2	0	2	0	0	2	2	0	2	2	2	1	0	1	0	0	1	2
"E577_682"	0	0	2	0	2	2	0	0	1	0	0	0	0	1	0	0	0	2	2
"E793_185"	0	0	2	0	2	1	2	0	1	2	0	0	0	0	0	0	0	2	1
"E1386_616"	0	0	2	0	2	2	0	0	1	0	0	0	0	1	0	0	0	2	2
"E1015_625"	2	2	0	2	0	0	2	2	0	2	2	2	1	0	1	0	0	2	2
"E1909_139"	0	0	2	2	2	0	2	0	0	2	0	0	0	0	0	2	0	2	2
"E1244_477"	2	2	0	2	2	0	2	2	0	2	0	0	0	0	0	0	0	2	2
"E564_182"	0	0	2	2	2	1	0	0	0	2	0	0	0	0	0	1	0	2	2
"E1710_262"	1	1	2	2	2	2	0	0	0	1	0	0	0	0	0	0	0	2	2
"E1944_778"	0	0	2	0	2	2	0	0	1	0	0	0	0	1	0	0	0	2	2
"E112_444"	0	0	1	0	2	2	0	0	1	0	0	0	0	1	0	0	0	2	2
"E352_148"	0	0	2	2	2	0	2	0	0	2	0	0	0	0	0	2	0	1	2
"E569_368"	2	2	0	2	2	0	0	0	0	2	0	0	0	0	0	0	0	2	2
"E572_618"	0	0	2	0	2	2	0	0	1	0	0	0	0	1	0	0	0	2	2
"E957_655"	2	2	0	2	0	0	2	2	0	2	2	2	1	0	1	0	0	2	2
"E1453_33"	0	0	0	0	0	0	2	0	0	2	0	0	0	0	0	2	2	1	2
"E1668_701"	2	2	0	2	0	0	2	2	0	2	2	2	1	0	1	0	0	1	2
"E1825_132"	0	0	2	2	2	0	2	0	0	2	0	0	0	0	0	2	0	2	2
"E1061_461"	2	2	0	2	0	0	2	2	0	2	2	2	1	0	1	0	0	2	2
"E1754_124"	0	0	1	2	2	0	2	0	0	2	0	0	0	0	0	2	0	2	2
"E840_357"	0	0	2	0	2	2	0	0	1	0	0	0	0	1	0	0	0	2	2
