,PseudoTime1,PseudoTime2,PseudoTime3,PseudoTime4
E832_27,,,,0.03015
E635_195,,0.24120999999999998,,
E753_480,,0.59925,,
E121_325,,,0.40452,
E56_332,,,,0.41331999999999997
E1514_731,,0.9145700000000001,,
E330_700,,,0.8756299999999999,
E1748_216,,0.26759,,
E1212_401,0.5,,,
E622_233,,0.28894000000000003,,
E1198_156,,0.19221,,
E86_735,0.9196,,,
E522_198,,0.24497,,
E1393_691,0.8643200000000001,,,
E491_37,,,,0.042710000000000005
E1077_530,,0.66206,,
E965_573,,0.71608,,
E962_14,,0.013819999999999999,,
E1846_336,,0.41834,,
E1445_39,,0.04523,,
E1094_159,,0.19598,,
E1045_125,,,0.15327000000000002,
E1914_526,,,,0.65704
E673_128,,0.15704,,
E1988_433,0.5402,,,
E1220_574,,0.71734,,
E1937_157,,0.19347,,
E1180_155,,0.19095,,
E1464_333,,0.41457,,
E897_589,0.7361800000000001,,,
E1749_641,,0.8015100000000001,,
E1597_60,,0.07161000000000001,,
E683_506,,,,0.6319100000000001
E854_12,,,,0.011309999999999999
E412_374,,,,0.46608
E1115_116,,0.14196,,
E1147_196,,0.24245999999999998,,
E1726_762,,0.95352,,
E1519_493,,0.61558,,
E1889_643,,,,0.80402
E1057_735,,,0.9196,
E191_467,,0.58291,,
E1219_774,,0.96859,,
E1249_415,,0.51759,,
E1753_346,,,,0.4309
E426_453,,,0.56533,
E48_708,,0.8856799999999999,,
E1698_230,0.28518000000000004,,,
E804_704,,0.88065,,
E520_144,,0.17714000000000002,,
E793_269,0.33416999999999997,,,
E554_432,,0.53894,,
E639_278,,0.34548,,
E118_583,,,,0.72864
E1959_582,0.72739,,,
E852_127,,,,0.15578
E1719_764,,,,0.9560299999999999
E214_749,0.93719,,,
E347_407,,0.50754,,
E1817_489,0.61055,,,
E612_672,0.84045,,,
E30_413,,0.51508,,
E415_449,,,,0.5603
E1735_413,,,,0.51508
E392_355,,0.44221000000000005,,
E898_692,,0.8655799999999999,,
E757_41,,0.04774,,
E1940_73,,,,0.08794
E1125_84,,0.10176,,
E1783_512,,0.63945,,
E396_328,,,,0.40829
E1590_238,,0.29523,,
E1025_347,,,,0.43216000000000004
E135_795,,0.99497,,
E728_759,,0.94975,,
E364_437,0.54523,,,
E1617_16,,,,0.01633
E593_359,,,,0.44723999999999997
E967_381,,0.47486999999999996,,
E657_263,,0.32663000000000003,,
E1588_555,,,0.69347,
E77_634,,0.79271,,
E1824_442,,,0.5515100000000001,
E1806_736,,,,0.92085
E1750_713,,,0.8919600000000001,
E1789_98,,,0.11935,
E948_422,,0.5263800000000001,,
E701_576,0.71985,,,
E758_380,,0.47362,,
E1479_587,,0.7336699999999999,,
E1702_318,,0.39573,,
E724_603,,0.7537699999999999,,
E1781_609,,0.76131,,
E1451_93,,,,0.11307
E807_261,,0.32411999999999996,,
E575_176,,0.21734,,
E435_353,,0.4397,,
E762_87,0.10553,,,
E797_622,,0.77764,,
E195_83,,0.1005,,
E337_443,0.55276,,,
E1832_788,,,,0.98618
E792_459,,0.57286,,
E668_496,,,,0.61935
E1823_84,,0.10176,,
E534_724,0.9057799999999999,,,
E429_660,,,,0.8253799999999999
E1254_497,,,,0.6206
E1138_198,,0.24497,,
E1359_305,,,,0.3794
E499_39,,0.04523,,
E285_295,,0.36683000000000004,,
E1155_696,0.8706,,,
E946_55,,0.06533,,
E1945_528,,0.65955,,
E904_674,,0.84296,,
E1969_535,0.6683399999999999,,,
E1767_169,,,,0.20854
E1424_167,,,0.20603000000000002,
E200_137,,0.16834000000000002,,
E419_568,,0.7098,,
E537_36,,0.041460000000000004,,
E1256_391,,0.48744,,
E85_90,,0.1093,,
E1700_219,,,,0.27136
E689_159,,,,0.19598
E124_64,,,0.07662999999999999,
E1660_767,,,,0.9598
E1091_299,,0.37185999999999997,,
E601_440,,0.54899,,
E739_175,,0.21608000000000002,,
E1432_663,,0.82915,,
E1459_108,,0.13191,,
E1536_395,,0.49246,,
E776_162,,,0.19975,
E501_680,,0.8505,,
E938_521,,0.65075,,
E1100_394,0.49121000000000004,,,
E1121_728,,0.9108,,
E145_255,,0.31658000000000003,,
E953_791,,0.98995,,
E1408_197,,0.24372,,
E3_776,,,0.97111,
E620_609,,0.76131,,
E688_401,,,,0.5
E1526_233,,0.28894000000000003,,
E83_615,,,0.76884,
E592_168,,0.20729,,
E944_731,,0.9145700000000001,,
E1939_768,,,0.96106,
E402_616,,0.7701,,
E959_613,,0.7663300000000001,,
E1644_352,,,,0.43843999999999994
E359_596,,,,0.74497
E259_674,,0.84296,,
E1995_454,,0.56658,,
E1963_188,,0.23240999999999998,,
E528_724,,0.9057799999999999,,
E1317_650,0.81281,,,
E1613_417,,,,0.5201
E1927_632,,,,0.7902
E1503_238,,0.29523,,
E642_265,,,0.32915,
E35_19,,0.0201,,
E774_615,,0.76884,,
E1668_109,,,,0.13317
E1853_343,,0.42713999999999996,,
E65_292,,0.36307,,
E1259_366,,0.45603,,
E1905_382,,0.47613,,
E1449_91,,0.11055,,
E1751_72,,0.08668,,
E1288_412,,,,0.5138199999999999
E1976_668,,0.8354299999999999,,
E1578_777,,0.97236,,
E699_198,0.24497,,,
E1236_88,0.10678,,,
E451_126,0.15452,,,
E626_448,,0.55905,,
E1842_379,,0.47236000000000006,,
E167_779,,0.9748700000000001,,
E410_631,,,0.78894,
E1313_446,,0.55653,,
E1577_623,,,,0.77889
E633_713,,0.8919600000000001,,
E1269_70,,,,0.08417000000000001
E1654_741,,0.92714,,
E884_439,,,0.54774,
E779_764,,0.9560299999999999,,
E1209_357,,0.44472,,
E279_604,,0.75503,,
E971_608,,,,0.76005
E1605_796,0.99623,,,
E1415_437,,,,0.54523
E1290_398,,,0.49623,
E1375_31,,0.03518,,
E1962_504,,0.6294,,
E1013_81,,0.09799,,
E1529_113,,0.13819,,
E338_165,0.20352,,,
E1426_175,,0.21608000000000002,,
E1543_622,,,,0.77764
E1982_204,,0.25251,,
E1300_359,0.44723999999999997,,,
E862_414,,0.5163300000000001,,
E239_530,,0.66206,,
E577_401,,0.5,,
E911_56,,0.06658,,
E1480_761,,,0.95226,
E1711_184,,0.22739,,
E308_642,,0.80276,,
E1523_558,,0.69724,,
E213_363,,0.45226000000000005,,
E1730_569,,0.71106,,
E631_557,,0.69598,,
E236_706,,0.8831700000000001,,
E1082_316,,0.39321999999999996,,
E1565_168,,,,0.20729
E1595_379,,,0.47236000000000006,
E1809_96,0.11682999999999999,,,
E1566_767,,0.9598,,
E994_343,,0.42713999999999996,,
E34_470,,,,0.58668
E1024_705,,0.8819100000000001,,
E519_782,,,0.97864,
E297_236,0.29270999999999997,,,
E389_14,,0.013819999999999999,,
E1801_657,,,0.8216100000000001,
E818_29,,0.03266,,
E1610_263,0.32663000000000003,,,
E857_617,,0.77136,,
E163_282,0.3505,,,
E218_416,,,,0.51884
E849_438,,0.54648,,
E427_377,,0.46985,,
E1572_547,,,,0.68342
E976_656,,0.82035,,
E82_765,,0.95729,,
E1485_709,,0.8869299999999999,,
E1513_114,,0.13945,,
E974_254,,0.31533,,
E641_556,,0.69472,,
E1222_624,,0.78015,,
E175_790,,0.98869,,
E741_274,,0.34045,,
E1190_789,0.98744,,,
E1563_241,0.29899000000000003,,,
E1163_341,0.42462,,,
E1949_519,,0.6482399999999999,,
E1208_274,0.34045,,,
E28_457,,0.57035,,
E194_424,,,,0.52889
E422_767,,0.9598,,
E1494_270,,0.33543,,
E1687_193,0.23869,,,
E1309_28,,0.03141,,
E264_785,,,,0.98241
E125_704,,,0.88065,
E1050_244,,0.30276,,
E136_91,,0.11055,,
E1251_690,,0.8630700000000001,,
E492_10,,0.008790000000000001,,
E1255_691,,0.8643200000000001,,
E1319_649,,0.8115600000000001,,
E610_151,,0.18592999999999998,,
E928_224,,,,0.27764
E1734_266,,,,0.3304
E1103_68,,0.08166,,
E579_469,,0.58543,,
E747_558,,,0.69724,
E1170_608,,0.76005,,
E1126_675,,0.8442200000000001,,
E1598_445,0.55528,,,
E64_411,,0.51256,,
E1826_504,,0.6294,,
E448_438,0.54648,,,
E1813_434,,,,0.54146
E1392_177,,0.21859,,
E507_206,,0.25503000000000003,,
E296_432,,0.53894,,
E1106_304,,,,0.37814000000000003
E1837_140,,0.17210999999999999,,
E1354_396,,0.49372,,
E576_313,,0.38945,,
E1830_434,,0.54146,,
E1779_377,,0.46985,,
E466_413,,,,0.51508
E989_164,,,,0.20226
E1011_222,,,0.27513000000000004,
E548_312,,0.38819000000000004,,
E636_176,,0.21734,,
E929_122,0.1495,,,
E837_173,,0.21356999999999998,,
E778_131,,0.1608,,
E1192_750,,0.9384399999999999,,
E1247_220,,,0.27260999999999996,
E1545_131,,0.1608,,
E1022_437,,0.54523,,
E1759_174,,,,0.21481999999999998
E2_420,,0.52387,,
E1073_449,,0.5603,,
E936_180,,0.22236,,
E1004_666,0.83291,,,
E1306_249,,0.30905,,
E1183_657,,0.8216100000000001,,
E102_82,,0.09925,,
E550_366,,0.45603,,
E1762_263,,0.32663000000000003,,
E1887_21,,,,0.022609999999999998
E1713_392,,0.48868999999999996,,
E1621_561,,0.70101,,
E1703_26,,0.02889,,
E1778_657,,,0.8216100000000001,
E746_726,,0.9082899999999999,,
E860_745,,0.93216,,
E341_137,,,,0.16834000000000002
E1310_480,,,,0.59925
E1764_194,,0.23995,,
E1542_178,,0.21985,,
E1998_767,0.9598,,,
E1139_288,,,,0.35804
E1544_615,,0.76884,,
E76_499,,0.62312,,
E182_765,,0.95729,,
E107_126,,0.15452,,
E609_265,,0.32915,,
E1127_529,,0.6608,,
E348_355,,0.44221000000000005,,
E1428_423,,0.52764,,
E106_226,,0.28015,,
E1409_777,,,0.97236,
E1044_45,,,0.05276,
E1215_492,,,0.61432,
E1150_196,,0.24245999999999998,,
E810_647,,0.80905,,
E263_360,,0.44848999999999994,,
E404_716,,,0.8957299999999999,
E1560_464,,0.57915,,
E196_446,,,0.55653,
E934_618,,0.77261,,
E1815_545,,0.6809,,
E60_59,,,,0.07035
E839_683,,,,0.8542700000000001
E1320_234,,0.2902,,
E1502_169,,0.20854,,
E470_34,,0.038939999999999995,,
E533_62,,,,0.07412
E78_158,,0.19472,,
E775_713,,,,0.8919600000000001
E1625_535,,0.6683399999999999,,
E1532_680,,,0.8505,
E650_298,,,,0.3706
E725_264,,,,0.32789
E1557_346,,0.4309,,
E453_430,,,,0.5364300000000001
E1493_301,,0.37437,,
E403_387,,0.48241000000000006,,
E1740_16,,0.01633,,
E1403_359,,0.44723999999999997,,
E602_53,,,0.06281,
E729_636,0.79523,,,
E829_757,,,0.94724,
E773_621,,0.7763800000000001,,
E1744_751,,0.9397,,
E1564_306,,0.38065,,
E1145_616,,0.7701,,
E692_331,,0.41206000000000004,,
E1207_769,,0.96231,,
E1674_47,,,0.055279999999999996,
E783_557,0.69598,,,
E33_31,,,,0.03518
E281_8,,0.00628,,
E276_609,0.76131,,,
E547_11,,0.01005,,
E591_406,,0.5062800000000001,,
E1737_378,,0.47111000000000003,,
E1015_631,,,0.78894,
E720_446,,0.55653,,
E731_317,,0.39447,,
E97_726,,,0.9082899999999999,
E1495_533,0.66583,,,
E524_774,,,,0.96859
E1154_405,,,,0.50503
E350_364,,,0.45352,
E1203_175,0.21608000000000002,,,
E674_606,,0.75754,,
E1828_328,,0.40829,,
E1517_642,0.80276,,,
E864_508,,,0.63442,
E1630_87,,0.10553,,
E901_629,,0.7864300000000001,,
E1070_102,,0.12437000000000001,,
E226_353,,0.4397,,
E1066_673,,0.8417100000000001,,
E1353_570,,0.71231,,
E1167_630,0.78769,,,
E1520_604,,,,0.75503
E930_412,0.5138199999999999,,,
E1733_599,,,,0.74874
E623_225,,0.27889,,
E1455_495,,0.6180899999999999,,
E159_585,,0.73116,,
E1131_206,,0.25503000000000003,,
E66_763,,0.9547700000000001,,
E968_41,,0.04774,,
E606_601,,0.75126,,
E847_63,,,0.07537999999999999,
E1457_621,,0.7763800000000001,,
E984_255,,,0.31658000000000003,
E1175_660,,0.8253799999999999,,
E232_654,,,,0.81784
E265_16,,0.01633,,
E235_651,,,0.81407,
E954_701,,0.8768799999999999,,
E1177_142,,0.17462,,
E1636_719,0.8995,,,
E1303_91,,,,0.11055
E1046_376,,0.46858999999999995,,
E1368_348,,,,0.43341999999999997
E681_205,,,0.25377,
E1429_314,0.3907,,,
E1074_543,,0.6783899999999999,,
E360_522,,,,0.6520100000000001
E1421_636,,0.79523,,
E618_72,,,0.08668,
E767_351,,,0.43718999999999997,
E411_250,,0.3103,,
E955_301,,,,0.37437
E1378_768,,0.96106,,
E1539_290,,0.36055,,
E1413_71,,0.08542999999999999,,
E1838_783,,0.9799,,
E384_538,,0.67211,,
E155_498,,,0.6218600000000001,
E1270_582,0.72739,,,
E1756_192,,,,0.23744
E93_106,0.1294,,,
E299_25,,0.027639999999999998,,
E489_703,,0.8794,,
E1159_119,0.14573,,,
E1444_784,,0.98116,,
E498_426,,0.53141,,
E583_526,,0.65704,,
E179_611,,0.7638199999999999,,
E1069_575,,0.71859,,
E1362_688,,0.86055,,
E432_187,,0.23116,,
E1886_210,,,0.26005,
E1401_674,,,,0.84296
E421_518,,,,0.64698
E92_197,,0.24372,,
E727_338,,0.42085,,
E1799_93,,0.11307,,
E1840_280,,0.34799,,
E269_111,,0.13568,,
E711_438,0.54648,,,
E1307_781,,0.97739,,
E1857_504,,0.6294,,
E1283_183,,0.22613000000000003,,
E1559_390,,0.48618,,
E324_76,,,0.09171,
E1346_575,,,0.71859,
E352_460,,0.57412,,
E561_586,0.73241,,,
E1380_16,,0.01633,,
E910_126,,,,0.15452
E991_18,,0.01884,,
E104_264,0.32789,,,
E1374_599,,0.74874,,
E841_195,,0.24120999999999998,,
E1214_219,0.27136,,,
E1298_790,,0.98869,,
E1086_541,,0.67588,,
E874_644,,0.80528,,
E1874_111,0.13568,,,
E560_699,0.8743700000000001,,,
E1117_379,,,,0.47236000000000006
E1731_470,,0.58668,,
E853_748,,0.9359299999999999,,
E678_740,,0.9258799999999999,,
E1265_127,,0.15578,,
E1528_354,,0.44095,,
E1591_209,,,0.25879,
E1576_742,,0.9283899999999999,,
E698_392,,0.48868999999999996,,
E894_354,,0.44095,,
E1928_155,,,,0.19095
E1676_467,,,0.58291,
E382_34,0.038939999999999995,,,
E253_248,,0.30779,,
E881_679,,0.84925,,
E782_752,,,,0.94095
E536_101,,,0.12312000000000001,
E1152_151,,0.18592999999999998,,
E29_278,,,,0.34548
E1205_253,,0.31406999999999996,,
E1018_447,,0.55779,,
E1350_66,,0.07915,,
E585_160,0.19724,,,
E96_492,,0.61432,,
E715_676,,,,0.8454799999999999
E1947_162,,,,0.19975
E599_402,0.50126,,,
E1260_749,,,,0.93719
E906_525,,0.65578,,
E749_740,,0.9258799999999999,,
E908_485,0.60553,,,
E1616_466,,0.5816600000000001,,
E1336_779,,,0.9748700000000001,
E1055_68,,0.08166,,
E1323_369,,,,0.4598
E502_270,,,0.33543,
E16_345,,0.42965,,
E116_646,0.80779,,,
E55_410,,0.51131,,
E1243_161,,0.19849,,
E1370_655,,0.8191,,
E1316_34,0.038939999999999995,,,
E1697_114,,,0.13945,
E1488_361,,,,0.44975
E1224_80,,0.09673,,
E1841_294,,,0.36558,
E1547_424,,,0.52889,
E740_687,,0.8593,,
E443_179,,0.22111,,
E1068_59,,0.07035,,
E1058_365,,0.45477,,
E551_332,0.41331999999999997,,,
E237_595,,0.7437199999999999,,
E1218_210,0.26005,,,
E513_101,,0.12312000000000001,,
E1330_569,,0.71106,,
E447_379,,0.47236000000000006,,
E655_246,,,0.30528,
E1417_659,,0.8241200000000001,,
E68_20,,,,0.02136
E1358_17,,0.01759,,
E785_568,,0.7098,,
E1725_297,,0.36935,,
E164_426,,0.53141,,
E713_264,0.32789,,,
E566_645,,0.80653,,
E1835_778,,,,0.97362
E1128_301,,0.37437,,
E925_560,,0.69975,,
E208_600,0.75,,,
E760_405,,,,0.50503
E1743_485,,0.60553,,
E372_560,,0.69975,,
E1234_595,,0.7437199999999999,,
E1754_410,,0.51131,,
E1030_158,0.19472,,,
E1324_357,,0.44472,,
E1912_378,,0.47111000000000003,,
E141_689,,0.8618100000000001,,
E877_6,,0.0037700000000000003,,
E1338_486,,0.60678,,
E469_615,,0.76884,,
E671_793,,,,0.99246
E1880_85,,0.10302,,
E1172_235,,,,0.29146
E478_108,,0.13191,,
E771_378,,0.47111000000000003,,
E514_313,,,0.38945,
E197_405,,,,0.50503
E1909_795,,0.99497,,
E806_413,,,0.51508,
E408_168,,,0.20729,
E1389_457,,0.57035,,
E830_245,,,,0.30401999999999996
E1235_462,,0.57663,,
E290_267,,0.33166,,
E993_696,,0.8706,,
E803_339,,0.42211000000000004,,
E882_625,,0.78141,,
E744_191,,0.23618000000000003,,
E211_316,,,0.39321999999999996,
E120_614,,0.76759,,
E1964_353,0.4397,,,
E1568_721,,0.9020100000000001,,
E1430_501,0.62563,,,
E943_155,,,0.19095,
E1692_731,,,0.9145700000000001,
E233_558,0.69724,,,
E814_434,,,,0.54146
E1178_88,,0.10678,,
E23_276,,0.34296,,
E1093_415,,,,0.51759
E480_769,0.96231,,,
E238_3,,,0.0,
E153_361,,,0.44975,
E1646_576,,,0.71985,
E57_36,,0.041460000000000004,,
E1562_38,,,,0.04397
E151_325,0.40452,,,
E504_566,,,0.70729,
E1620_251,0.31156,,,
E1921_794,,,0.99372,
E770_148,,0.18216,,
E15_289,,0.3593,,
E1836_386,,0.48116000000000003,,
E452_700,,,,0.8756299999999999
E710_147,0.1809,,,
E112_795,,,,0.99497
E795_286,,0.35553,,
E1742_280,,0.34799,,
E1548_544,,,,0.67965
E192_382,,0.47613,,
E353_193,,,0.23869,
E1498_144,,0.17714000000000002,,
E1334_559,,,,0.6984899999999999
E376_64,,0.07662999999999999,,
E978_799,,1.0,,
E1849_331,,,0.41206000000000004,
E123_273,,0.3392,,
E436_464,,0.57915,,
E1639_692,,,0.8655799999999999,
E1414_94,,0.11432,,
E1040_62,,,,0.07412
E356_799,1.0,,,
E1497_289,0.3593,,,
E1820_594,,0.74246,,
E1770_95,,0.11558,,
E1071_44,,0.05151,,
E1768_724,,0.9057799999999999,,
E149_539,,0.67337,,
E1659_312,,0.38819000000000004,,
E1879_83,,0.1005,,
E766_443,,,,0.55276
E250_649,,0.8115600000000001,,
E529_663,0.82915,,,
E603_312,,0.38819000000000004,,
E1132_376,0.46858999999999995,,,
E1980_638,,0.79774,,
E1667_419,,,0.52261,
E1746_493,,0.61558,,
E535_643,0.80402,,,
E340_539,,0.67337,,
E1402_38,,0.04397,,
E1238_324,0.40326999999999996,,,
E1622_629,,0.7864300000000001,,
E1629_337,,,,0.4196
E1810_723,,0.9045200000000001,,
E1652_107,,0.13065,,
E600_44,,,,0.05151
E1656_338,,0.42085,,
E134_223,,0.27638,,
E838_507,,0.63317,,
E1193_158,,0.19472,,
E517_16,,0.01633,,
E980_532,,,,0.66457
E648_17,,0.01759,,
E1263_536,,,,0.6696
E876_359,,0.44723999999999997,,
E472_628,,0.78518,,
E72_398,,0.49623,,
E1546_720,,0.90075,,
E275_94,,0.11432,,
E50_64,,0.07662999999999999,,
E921_531,,0.66332,,
E598_620,,0.77513,,
E12_276,,0.34296,,
E812_431,,0.53769,,
E1059_611,0.7638199999999999,,,
E1979_736,,,0.92085,
E1404_597,,,0.7462300000000001,
E787_663,,0.82915,,
E1043_416,,0.51884,,
E399_310,,0.38568,,
E1990_771,,0.9648200000000001,,
E367_754,,,,0.94347
E1284_213,0.26382,,,
E1187_73,,0.08794,,
E1952_520,,0.6495,,
E1596_479,,0.5979899999999999,,
E1958_678,,,0.8479899999999999,
E1724_478,,,0.59673,
E939_149,,0.18342,,
E1104_331,,0.41206000000000004,,
E313_512,,,,0.63945
E1049_416,,0.51884,,
E1705_708,,,,0.8856799999999999
E1920_711,,0.88945,,
E1361_133,,0.16332,,
E1669_381,0.47486999999999996,,,
E796_724,0.9057799999999999,,,
E632_313,,0.38945,,
E1012_525,,,0.65578,
E1973_294,,0.36558,,
E128_122,,0.1495,,
E613_381,,0.47486999999999996,,
E863_254,,0.31533,,
E1862_673,,0.8417100000000001,,
E875_488,,,0.6093,
E1080_109,,0.13317,,
E496_179,,,0.22111,
E271_294,,0.36558,,
E694_78,,0.09422,,
E647_223,,0.27638,,
E36_759,,0.94975,,
E242_743,,,,0.92965
E1181_719,,0.8995,,
E1034_358,,,,0.44598000000000004
E1079_339,,0.42211000000000004,,
E142_30,,,,0.03392
E1592_329,,,,0.40955
E539_547,,0.68342,,
E1331_689,0.8618100000000001,,,
E1615_783,,,,0.9799
E596_708,,0.8856799999999999,,
E1171_540,,0.67462,,
E685_394,,,,0.49121000000000004
E1709_445,,0.55528,,
E177_393,,0.48995,,
E1686_131,0.1608,,,
E1695_74,,0.0892,,
E986_500,,,,0.62437
E497_255,,0.31658000000000003,,
E726_267,,,,0.33166
E1112_348,,,,0.43341999999999997
E1510_79,,0.09548,,
E1481_597,,,,0.7462300000000001
E1189_755,0.9447200000000001,,,
E903_189,,0.23367,,
E38_732,,0.9158299999999999,,
E651_250,,0.3103,,
E1693_532,,0.66457,,
E515_449,,,,0.5603
E89_545,,0.6809,,
E1356_661,,0.82663,,
E1166_578,,0.72236,,
E1471_233,0.28894000000000003,,,
E1486_601,,,0.75126,
E137_495,0.6180899999999999,,,
E1859_73,,0.08794,,
E1312_71,,0.08542999999999999,,
E1062_139,,,0.17085,
E508_712,,0.8907,,
E1182_262,0.32538,,,
E1056_283,,0.35176,,
E1910_33,,0.037689999999999994,,
E506_192,,,0.23744,
E588_381,,0.47486999999999996,,
E555_173,,,0.21356999999999998,
E425_34,,0.038939999999999995,,
E1072_723,,0.9045200000000001,,
E1363_582,,,0.72739,
E1010_240,,0.29774,,
E465_695,,0.86935,,
E1379_353,0.4397,,,
E39_160,,,0.19724,
E680_74,,0.0892,,
E203_421,,0.52513,,
E644_486,,0.60678,,
E801_289,,0.3593,,
E1250_252,,,,0.31281
E584_288,,0.35804,,
E764_192,0.23744,,,
E190_435,,,,0.54271
E1286_80,,0.09673,,
E488_429,,0.53518,,
E1096_510,,0.63693,,
E1925_349,,0.43467,,
E1864_371,,0.46231000000000005,,
E417_393,,0.48995,,
E331_96,,0.11682999999999999,,
E477_236,0.29270999999999997,,,
E1099_563,,0.70352,,
E1202_610,,0.76256,,
E1461_19,,0.0201,,
E786_242,,,0.30025,
E461_6,0.0037700000000000003,,,
E1680_405,,0.50503,,
E114_614,,0.76759,,
E582_119,0.14573,,,
E1970_9,,,,0.007540000000000001
E569_320,0.39824,,,
E1575_592,0.73995,,,
E604_611,,,0.7638199999999999,
E1067_644,,0.80528,,
E927_455,,,,0.56784
E850_281,0.34925,,,
E1440_713,,0.8919600000000001,,
E1119_379,,0.47236000000000006,,
E140_505,,0.63065,,
E1458_95,,,,0.11558
E416_571,,0.7135699999999999,,
E750_505,,0.63065,,
E222_548,,0.68467,,
E1164_203,,0.25126,,
E690_289,,0.3593,,
E960_203,,0.25126,,
E619_630,,0.78769,,
E368_720,,0.90075,,
E1008_795,,0.99497,,
E662_661,,0.82663,,
E511_168,,0.20729,,
E1039_331,,,0.41206000000000004,
E418_462,,0.57663,,
E1992_31,,,0.03518,
E172_386,,0.48116000000000003,,
E586_10,,0.008790000000000001,,
E846_383,,0.47739,,
E816_768,,,,0.96106
E1977_568,,0.7098,,
E1020_156,0.19221,,,
E761_567,,,,0.70854
E525_329,0.40955,,,
E1678_462,,0.57663,,
E1232_539,,0.67337,,
E219_721,,0.9020100000000001,,
E1893_551,,0.6884399999999999,,
E972_76,,0.09171,,
E46_362,,0.45101,,
E1855_96,,,,0.11682999999999999
E956_640,,0.80025,,
E1917_315,0.39196,,,
E684_385,,0.4799,,
E1708_666,,,,0.83291
E1337_173,,,,0.21356999999999998
E1948_782,0.97864,,,
E1241_207,,0.25628,,
E693_581,,,,0.72613
E890_232,,,0.28769,
E667_685,,,0.8567799999999999,
E714_180,0.22236,,,
E84_521,,0.65075,,
E1800_580,0.72487,,,
E1794_4,,0.00126,,
E1804_716,0.8957299999999999,,,
E768_377,0.46985,,,
E143_123,,,,0.15075
E1342_378,,,0.47111000000000003,
E1776_269,,,,0.33416999999999997
E1200_307,,0.38190999999999997,,
E1607_655,,0.8191,,
E1027_628,,,,0.78518
E1704_36,,,0.041460000000000004,
E1257_296,0.36809000000000003,,,
E1579_196,,0.24245999999999998,,
E516_370,,0.46106,,
E73_687,,0.8593,,
E1635_244,0.30276,,,
E500_156,,0.19221,,
E362_766,,0.95854,,
E1382_435,,0.54271,,
E1143_252,,0.31281,,
E718_159,,0.19598,,
E872_108,,0.13191,,
E1795_223,,,0.27638,
E958_450,,0.5615600000000001,,
E1561_20,,0.02136,,
E653_469,,,,0.58543
E594_200,,,,0.24749000000000002
E794_8,,,,0.00628
E1369_465,0.5804,,,
E637_303,,0.37688,,
E1694_584,,0.7299,,
E49_709,,0.8869299999999999,,
E400_523,0.65327,,,
E789_607,,0.75879,,
E1642_420,,,,0.52387
E896_389,,0.48491999999999996,,
E1570_327,0.40704,,,
E1738_513,,0.6407,,
E1088_201,,,0.24874000000000002,
E274_498,,,0.6218600000000001,
E805_464,,0.57915,,
E1763_626,,0.78266,,
E1185_718,,0.8982399999999999,,
E886_590,,,,0.73744
E1287_260,,0.32286,,
E1847_118,,,,0.14447000000000002
E1274_618,,0.77261,,
E922_418,,0.52136,,
E1092_349,,0.43467,,
E781_190,,0.23492,,
E527_564,,0.70477,,
E645_589,,0.7361800000000001,,
E1075_149,,0.18342,,
E217_34,,0.038939999999999995,,
E840_173,,,0.21356999999999998,
E14_109,,0.13317,,
E473_790,,0.98869,,
E1712_715,,0.8944700000000001,,
E1478_625,,0.78141,,
E1603_37,,0.042710000000000005,,
E1897_67,,,,0.0804
E1541_487,0.6080399999999999,,,
E1637_358,,0.44598000000000004,,
E752_174,,0.21481999999999998,,
E326_25,0.027639999999999998,,,
E1540_547,,0.68342,,
E1142_609,,0.76131,,
E649_615,,0.76884,,
E300_385,0.4799,,,
E1179_269,,0.33416999999999997,,
E1716_206,,0.25503000000000003,,
E1684_775,,0.96985,,
E878_341,,,0.42462,
E1941_603,,0.7537699999999999,,
E438_117,,0.14322000000000001,,
E183_318,,0.39573,,
E90_699,,0.8743700000000001,,
E1933_685,,0.8567799999999999,,
E1136_661,,0.82663,,
E67_470,,,0.58668,
E345_408,,0.50879,,
E580_534,,0.66709,,
E361_772,,0.9660799999999999,,
E1454_61,,,0.07286000000000001,
E1993_342,,0.42588000000000004,,
E283_47,,,0.055279999999999996,
E1483_422,,0.5263800000000001,,
E484_707,,0.8844200000000001,,
E941_352,,,,0.43843999999999994
E388_571,0.7135699999999999,,,
E933_338,,,0.42085,
E1383_131,,0.1608,,
E160_470,0.58668,,,
E914_124,,,0.15200999999999998,
E1818_517,,0.64573,,
E295_387,,0.48241000000000006,,
E246_791,,0.98995,,
E952_499,,,0.62312,
E1321_323,,0.40201,,
E1329_327,,0.40704,,
E1262_392,,0.48868999999999996,,
E1000_75,,0.09045,,
E1450_389,,0.48491999999999996,,
E704_426,0.53141,,,
E1399_566,0.70729,,,
E397_516,,0.64447,,
E663_677,,,,0.84673
E130_772,0.9660799999999999,,,
E1371_283,,0.35176,,
E732_616,,0.7701,,
E790_525,,0.65578,,
E132_122,,0.1495,,
E1843_187,,0.23116,,
E1304_541,,0.67588,,
E303_476,,0.59422,,
E1662_404,,0.5037699999999999,,
E1123_79,,0.09548,,
E997_83,,0.1005,,
E161_653,,0.81658,,
E1814_169,0.20854,,,
E687_324,,,,0.40326999999999996
E1769_700,,0.8756299999999999,,
E845_231,,0.28643,,
E975_398,,0.49623,,
E25_730,0.91332,,,
E530_522,,0.6520100000000001,,
E1372_265,,0.32915,,
E1757_29,,0.03266,,
E463_144,,0.17714000000000002,,
E826_415,,,0.51759,
E169_659,,0.8241200000000001,,
E1631_51,,0.0603,,
E1766_57,,,0.06784,
E1197_80,,0.09673,,
E1345_266,,0.3304,,
E1217_349,,0.43467,,
E964_13,,0.01256,,
E888_171,,0.21106,,
E184_514,,0.6419600000000001,,
E1758_476,,0.59422,,
E834_239,,0.29648,,
E1658_266,,,,0.3304
E139_778,,0.97362,,
E1472_69,,0.08291,,
E1473_646,,,0.80779,
E1628_388,,0.48367,,
E1618_123,,,0.15075,
E1141_270,,0.33543,,
E1938_647,,0.80905,,
E1689_33,,0.037689999999999994,,
E1934_82,,0.09925,,
E1282_799,,1.0,,
E1405_116,,0.14196,,
E205_654,,,,0.81784
E1790_472,,,0.5892,
E1601_328,,0.40829,,
E988_472,,0.5892,,
E1699_122,,,,0.1495
E1850_111,,,,0.13568
E168_350,,0.43593000000000004,,
E745_19,,0.0201,,
E81_216,,,,0.26759
E912_564,,0.70477,,
E883_233,,0.28894000000000003,,
E1665_111,0.13568,,,
E825_95,0.11558,,,
E212_617,,,,0.77136
E629_362,0.45101,,,
E310_301,0.37437,,,
E541_301,,0.37437,,
E358_429,,,,0.53518
E146_537,0.67085,,,
E1194_480,,,,0.59925
E791_242,,0.30025,,
E1552_354,,,,0.44095
E294_647,,,,0.80905
E314_787,,0.98492,,
E627_530,,0.66206,,
E1647_468,,0.58417,,
E861_108,,0.13191,,
E1195_343,,0.42713999999999996,,
E414_721,,0.9020100000000001,,
E171_504,0.6294,,,
E381_781,,0.97739,,
E228_712,0.8907,,,
E743_262,,,,0.32538
E1448_758,,,0.9484899999999999,
E1527_232,,0.28769,,
E1047_487,,,0.6080399999999999,
E1721_168,0.20729,,,
E198_794,,0.99372,,
E1029_768,,0.96106,,
E1156_379,0.47236000000000006,,,
E590_324,,0.40326999999999996,,
E1747_125,,,0.15327000000000002,
E1014_256,,0.31784,,
E1347_120,,,,0.14698
E365_39,,0.04523,,
E52_497,,,,0.6206
E186_409,,0.51005,,
E189_81,,0.09799,,
E628_142,0.17462,,,
E329_204,,0.25251,,
E1580_654,,0.81784,,
E1533_569,,0.71106,,
E558_791,,0.98995,,
E1248_449,,,,0.5603
E1624_647,,0.80905,,
E249_458,,0.5716100000000001,,
E1385_308,0.38316999999999996,,,
E1761_19,,0.0201,,
E1530_492,,0.61432,,
E385_198,,0.24497,,
E19_111,,0.13568,,
E1002_17,,0.01759,,
E542_437,,,,0.54523
E485_77,,0.09296,,
E307_649,,0.8115600000000001,,
E1710_736,0.92085,,,
E559_438,,0.54648,,
E209_773,0.96734,,,
E1465_534,0.66709,,,
E455_671,0.8392,,,
E1335_47,,,0.055279999999999996,
E799_78,,,,0.09422
E1230_268,,,0.33291,
E1492_224,,0.27764,,
E788_295,,0.36683000000000004,,
E227_600,,0.75,,
E150_297,,0.36935,,
E1975_86,,0.10427,,
E1861_280,,,,0.34799
E1930_641,,0.8015100000000001,,
E754_296,,,0.36809000000000003,
E1264_395,,,,0.49246
E1348_292,,0.36307,,
E1427_721,,0.9020100000000001,,
E369_449,0.5603,,,
E1907_112,,,,0.13693
E1063_518,,0.64698,,
E1420_520,,0.6495,,
E926_780,0.9761299999999999,,,
E258_534,0.66709,,,
E868_794,0.99372,,,
E1484_340,,0.42336999999999997,,
E8_632,,0.7902,,
E1423_481,,0.6005,,
E1223_384,0.47863999999999995,,,
E244_245,,,0.30401999999999996,
E1785_386,,0.48116000000000003,,
E568_518,,,,0.64698
E321_511,,0.6381899999999999,,
E1881_141,,,,0.17337
E126_614,,0.76759,,
E1819_58,0.0691,,,
E1108_68,,0.08166,,
E309_186,,0.2299,,
E1137_695,,0.86935,,
E1960_473,0.59045,,,
E471_427,,,,0.53266
E441_399,,0.49749,,
E951_774,,0.96859,,
E1054_369,,0.4598,,
E251_772,,0.9660799999999999,,
E1315_715,,0.8944700000000001,,
E71_86,,0.10427,,
E1518_496,,0.61935,,
E1318_608,,0.76005,,
E439_773,,,,0.96734
E969_478,,,,0.59673
E1985_7,,,,0.00503
E999_116,,0.14196,,
E935_747,,0.9346700000000001,,
E91_661,0.82663,,,
E21_397,,0.49496999999999997,,
E696_714,,0.8932200000000001,,
E1648_631,,0.78894,,
E1352_502,0.62688,,,
E1384_497,,0.6206,,
E458_736,,0.92085,,
E1144_440,,0.54899,,
E366_469,,,,0.58543
E915_197,,0.24372,,
E751_393,,0.48995,,
E1833_292,,0.36307,,
E1936_627,,0.78392,,
E1696_696,,,,0.8706
E1504_468,,0.58417,,
E1729_215,0.26633,,,
E327_450,,0.5615600000000001,,
E333_501,,0.62563,,
E17_617,,0.77136,,
E733_558,,0.69724,,
E1210_416,,0.51884,,
E105_633,,0.79146,,
E354_65,,,,0.07789
E777_653,,0.81658,,
E44_722,,0.90327,,
E1460_34,,,,0.038939999999999995
E390_668,,0.8354299999999999,,
E255_291,,,,0.36180999999999996
E1201_237,,0.29397,,
E1619_136,0.16709000000000002,,,
E1664_77,,0.09296,,
E9_511,,0.6381899999999999,,
E311_242,,,0.30025,
E798_14,,,,0.013819999999999999
E254_96,,,0.11682999999999999,
E1299_680,,0.8505,,
E357_123,,,,0.15075
E1390_629,,,,0.7864300000000001
E917_31,0.03518,,,
E41_317,,,,0.39447
E1996_343,,0.42713999999999996,,
E1394_493,,0.61558,,
E1717_723,,0.9045200000000001,,
E658_215,,0.26633,,
E317_526,,0.65704,,
E1582_180,,0.22236,,
E449_531,,0.66332,,
E1673_282,,0.3505,,
E1581_20,,0.02136,,
E950_542,0.67714,,,
E111_527,0.6582899999999999,,,
E1146_185,,0.22864,,
E985_753,,0.94221,,
E1296_743,,0.92965,,
E444_516,,,0.64447,
E1551_153,,0.18844,,
E240_472,0.5892,,,
E450_650,,0.81281,,
E772_131,,0.1608,,
E1641_345,,,,0.42965
E899_257,,0.3191,,
E1308_685,0.8567799999999999,,,
E1474_619,,0.77387,,
E373_355,,0.44221000000000005,,
E1105_6,,0.0037700000000000003,,
E63_735,,0.9196,,
E87_499,,0.62312,,
E1967_42,,0.04899,,
E1924_427,,0.53266,,
E1871_215,,0.26633,,
E1650_558,,0.69724,,
E1258_634,0.79271,,,
E824_108,,0.13191,,
E1017_581,,0.72613,,
E1174_201,,0.24874000000000002,,
E625_182,,,,0.22487
E229_500,,0.62437,,
E1860_633,,0.79146,,
E1437_680,,0.8505,,
E13_148,,0.18216,,
E1343_573,0.71608,,,
E180_171,,,,0.21106
E1780_392,,0.48868999999999996,,
E1083_397,,0.49496999999999997,,
E1001_586,,0.73241,,
E1956_642,,,0.80276,
E1435_650,,0.81281,,
E1291_249,0.30905,,,
E1845_434,,0.54146,,
E1476_171,0.21106,,,
E565_759,,0.94975,,
E1134_92,,0.11180999999999999,,
E1822_726,,0.9082899999999999,,
E257_316,0.39321999999999996,,,
E1586_424,,0.52889,,
E1065_794,,0.99372,,
E735_604,,0.75503,,
E1908_696,,,,0.8706
E552_545,,,,0.6809
E1452_167,0.20603000000000002,,,
E1877_672,,0.84045,,
E1412_747,,,0.9346700000000001,
E1487_272,,0.33794,,
E398_275,,0.34171,,
E1972_533,,0.66583,,
E1643_204,0.25251,,,
E1344_71,,0.08542999999999999,,
E1391_6,,,,0.0037700000000000003
E457_298,,0.3706,,
E1802_609,,0.76131,,
E836_338,,,0.42085,
E1649_189,,,,0.23367
E1349_790,,0.98869,,
E719_108,,,,0.13191
E879_228,,0.28265999999999997,,
E1051_502,,,,0.62688
E1326_240,,0.29774,,
E481_278,,0.34548,,
E1227_354,0.44095,,,
E406_199,,0.24623,,
E1341_540,,,,0.67462
E1188_526,0.65704,,,
E1951_400,,0.49873999999999996,,
E1999_562,,0.70226,,
E1593_51,,0.0603,,
E346_590,,0.73744,,
E1122_358,,,0.44598000000000004,
E982_71,,0.08542999999999999,,
E380_507,,0.63317,,
E286_765,,0.95729,,
E61_67,,0.0804,,
E272_327,,0.40704,,
E405_686,,0.8580399999999999,,
E822_329,,0.40955,,
E1089_779,,,0.9748700000000001,
E1441_691,0.8643200000000001,,,
E312_448,,0.55905,,
E512_763,,0.9547700000000001,,
E835_676,,0.8454799999999999,,
E748_275,,,,0.34171
E981_420,,0.52387,,
E165_512,,,,0.63945
E1573_690,0.8630700000000001,,,
E823_499,,0.62312,,
E1858_127,,0.15578,,
E977_340,,,0.42336999999999997,
E855_510,,,,0.63693
E1007_503,0.6281399999999999,,,
E378_596,,0.74497,,
E1280_571,,0.7135699999999999,,
E866_522,,0.6520100000000001,,
E567_422,,0.5263800000000001,,
E248_56,,0.06658,,
E1439_463,,0.57789,,
E1501_300,,,0.37312,
E316_57,,0.06784,,
E216_97,0.11809000000000001,,,
E10_13,,,,0.01256
E176_775,,0.96985,,
E468_718,,0.8982399999999999,,
E544_711,,0.88945,,
E621_163,,0.20101,,
E669_688,,0.86055,,
E802_762,,0.95352,,
E1584_190,,0.23492,,
E1791_454,,0.56658,,
E1732_705,,0.8819100000000001,,
E937_381,,0.47486999999999996,,
E1736_542,0.67714,,,
E1447_535,,0.6683399999999999,,
E1685_175,0.21608000000000002,,,
E817_578,,0.72236,,
E0_617,,,0.77136,
E210_12,,0.011309999999999999,,
E1116_578,0.72236,,,
E723_5,,0.00251,,
E1932_601,,,,0.75126
E301_248,,0.30779,,
E80_444,,0.55402,,
E1935_449,,0.5603,,
E99_524,,0.65452,,
E154_430,,0.5364300000000001,,
E1272_208,,,,0.25754
E1885_423,,,,0.52764
E1634_64,,0.07662999999999999,,
E571_390,,0.48618,,
E659_124,,0.15200999999999998,,
E1971_200,,,,0.24749000000000002
E1005_384,,,,0.47863999999999995
E370_168,,0.20729,,
E546_473,,,0.59045,
E1340_560,,0.69975,,
E608_224,,0.27764,,
E304_779,,,0.9748700000000001,
E1666_102,,0.12437000000000001,,
E1443_200,,,,0.24749000000000002
E31_167,,,,0.20603000000000002
E1396_199,0.24623,,,
E1882_722,,,,0.90327
E261_608,,0.76005,,
E1911_658,,0.82286,,
E1653_149,,0.18342,,
E918_201,0.24874000000000002,,,
E1292_43,,0.05025,,
E1118_324,,,,0.40326999999999996
E1052_261,,0.32411999999999996,,
E328_580,,0.72487,,
E1221_430,,0.5364300000000001,,
E676_94,,0.11432,,
E1273_293,,0.36432,,
E1569_36,,0.041460000000000004,,
E221_790,,0.98869,,
E630_204,,0.25251,,
E737_184,,0.22739,,
E595_562,0.70226,,,
E1213_162,,0.19975,,
E1031_353,,0.4397,,
E1903_90,,0.1093,,
E1490_567,,0.70854,,
E1377_726,,,0.9082899999999999,
E445_475,,0.59296,,
E730_600,,0.75,,
E1129_271,,0.33668000000000003,,
E1571_329,,,,0.40955
E1944_205,,0.25377,,
E615_164,,,0.20226,
E1395_238,,0.29523,,
E117_631,,0.78894,,
E1311_97,,0.11809000000000001,,
E284_626,,0.78266,,
E343_424,,,0.52889,
E1792_11,,0.01005,,
E1387_256,,,,0.31784
E20_472,,0.5892,,
E1558_724,,0.9057799999999999,,
E842_442,,0.5515100000000001,,
E374_413,,0.51508,,
E430_775,,0.96985,,
E963_54,0.06407,,,
E1534_560,,,,0.69975
E1281_279,0.34673000000000004,,,
E1438_191,0.23618000000000003,,,
E1902_119,,0.14573,,
E811_270,,0.33543,,
E1606_112,,,,0.13693
E617_461,,,,0.57538
E298_312,,,,0.38819000000000004
E1003_741,,,,0.92714
E686_322,,0.40075,,
E1827_422,,0.5263800000000001,,
E990_199,,0.24623,,
E223_267,,,,0.33166
E665_625,0.78141,,,
E479_393,,0.48995,,
E1856_472,,0.5892,,
E1098_400,,0.49873999999999996,,
E1522_238,,,,0.29523
E413_572,,0.71482,,
E231_430,,0.5364300000000001,,
E230_423,0.52764,,,
E1406_544,,0.67965,,
E664_475,,0.59296,,
E1538_692,,0.8655799999999999,,
E332_527,0.6582899999999999,,,
E377_227,0.28141,,,
E1469_464,,,,0.57915
E386_89,,0.10804000000000001,,
E1640_486,,0.60678,,
E1388_719,,,,0.8995
E1500_126,,0.15452,,
E318_377,,0.46985,,
E1521_662,,0.82789,,
E1328_706,,0.8831700000000001,,
E1788_265,,,0.32915,
E131_674,,0.84296,,
E570_695,0.86935,,,
E1095_790,,,0.98869,
E660_54,,0.06407,,
E1677_124,,0.15200999999999998,,
E339_616,,0.7701,,
E1723_324,,0.40326999999999996,,
E201_11,,0.01005,,
E1246_208,0.25754,,,
E1807_454,0.56658,,,
E243_584,,,0.7299,
E1796_496,0.61935,,,
E1683_106,0.1294,,,
E820_408,,0.50879,,
E1854_561,,,,0.70101
E813_191,,0.23618000000000003,,
E1436_464,,0.57915,,
E1825_384,,0.47863999999999995,,
E1583_528,,0.65955,,
E957_668,,0.8354299999999999,,
E383_459,0.57286,,,
E440_534,,0.66709,,
E1834_488,,0.6093,,
E697_268,,0.33291,,
E1124_187,0.23116,,,
E900_20,,0.02136,,
E1339_181,,0.22361999999999999,,
E79_238,,0.29523,,
E679_144,,0.17714000000000002,,
E1929_310,,,0.38568,
E1411_100,,0.12186,,
E156_305,,0.3794,,
E1919_575,,0.71859,,
E394_786,,0.98367,,
E1084_784,,0.98116,,
E979_684,,0.8555299999999999,,
E1168_243,,0.30151,,
E395_310,,,0.38568,
E1875_781,,,0.97739,
E1186_170,,0.2098,,
E1475_423,,0.52764,,
E1589_535,0.6683399999999999,,,
E1206_534,,0.66709,,
E1162_512,,0.63945,,
E505_178,,0.21985,,
E133_188,,,0.23240999999999998,
E1327_226,0.28015,,,
E292_592,,0.73995,,
E1301_34,,0.038939999999999995,,
E652_278,,,0.34548,
E144_517,,0.64573,,
E98_116,,,,0.14196
E1109_410,,0.51131,,
E291_603,,0.7537699999999999,,
E42_128,,0.15704,,
E1671_204,,0.25251,,
E431_305,,,0.3794,
E1314_772,,0.9660799999999999,,
E672_30,,0.03392,,
E1053_261,,,,0.32411999999999996
E1663_777,,0.97236,,
E907_518,,0.64698,,
E573_415,,0.51759,,
E1609_273,,0.3392,,
E1786_611,,,,0.7638199999999999
E844_16,,0.01633,,
E37_789,,,0.98744,
E1899_537,,,,0.67085
E1844_145,,0.17839000000000002,,
E493_558,,0.69724,,
E742_536,,,,0.6696
E1718_374,,0.46608,,
E885_306,,0.38065,,
E1158_161,,,,0.19849
E1239_408,,0.50879,,
E1851_623,,0.77889,,
E983_708,,,,0.8856799999999999
E1922_58,,0.0691,,
E5_27,,0.03015,,
E1515_114,,,0.13945,
E784_729,,0.91206,,
E40_293,,0.36432,,
E1774_80,,0.09673,,
E215_432,,,,0.53894
E1038_255,,0.31658000000000003,,
E282_197,,0.24372,,
E549_421,,0.52513,,
E1468_212,,,,0.26256
E74_395,,0.49246,,
E1225_296,,0.36809000000000003,,
E1950_277,,,0.34421999999999997,
E1812_200,,,0.24749000000000002,
E1028_212,,0.26256,,
E387_448,,0.55905,,
E1888_462,,,,0.57663
E1037_634,,0.79271,,
E843_579,0.7236199999999999,,,
E45_65,,0.07789,,
E716_365,,0.45477,,
E363_325,,0.40452,,
E1675_639,,0.79899,,
E334_327,,,0.40704,
E1600_270,,0.33543,,
E1021_641,,,,0.8015100000000001
E127_427,,0.53266,,
E262_54,,0.06407,,
E1884_617,,0.77136,,
E129_220,,0.27260999999999996,,
E1808_24,,0.02638,,
E1670_560,0.69975,,,
E808_668,,0.8354299999999999,,
E1655_63,0.07537999999999999,,,
E1894_356,,,,0.44347
E293_742,,0.9283899999999999,,
E446_387,,0.48241000000000006,,
E1419_120,,0.14698,,
E1113_236,,0.29270999999999997,,
E1626_170,,0.2098,,
E1120_10,,,0.008790000000000001,
E870_214,,0.26508000000000004,,
E1852_355,,0.44221000000000005,,
E1216_410,,0.51131,,
E1376_271,,0.33668000000000003,,
E1297_756,,0.9459799999999999,,
E202_725,,0.90704,,
E220_323,,0.40201,,
E1986_701,,,,0.8768799999999999
E1878_401,,,,0.5
E147_132,,0.16205999999999998,,
E1431_379,0.47236000000000006,,,
E1048_50,,,0.05905,
E831_51,,0.0603,,
E1784_663,,0.82915,,
E319_78,,0.09422,,
E909_195,,0.24120999999999998,,
E1722_11,,0.01005,,
E1797_206,,,0.25503000000000003,
E1782_604,0.75503,,,
E616_622,,,0.77764,
E1381_721,0.9020100000000001,,,
E1741_790,0.98869,,,
E932_330,,,,0.4108
E916_701,,,0.8768799999999999,
E1211_469,,,,0.58543
E961_740,0.9258799999999999,,,
E819_618,,0.77261,,
E638_212,,0.26256,,
E267_265,,,,0.32915
E464_346,,,0.4309,
E355_795,0.99497,,,
E454_9,,0.007540000000000001,,
E769_416,,0.51884,,
E1425_509,,0.63568,,
E1587_50,,0.05905,,
E178_368,,0.45853999999999995,,
E1305_229,,0.28392,,
E1496_200,,0.24749000000000002,,
E1983_611,0.7638199999999999,,,
E1898_614,,0.76759,,
E32_109,,0.13317,,
E424_329,0.40955,,,
E1997_746,,0.93342,,
E1775_456,,,0.5691,
E1974_714,,0.8932200000000001,,
E349_580,,,,0.72487
E1550_255,,,0.31658000000000003,
E1060_683,,,,0.8542700000000001
E6_71,,0.08542999999999999,,
E278_781,0.97739,,,
E721_417,,0.5201,,
E494_599,,0.74874,,
E996_359,,0.44723999999999997,,
E1524_48,,0.05653,,
E103_340,0.42336999999999997,,,
E344_788,,0.98618,,
E945_701,,0.8768799999999999,,
E966_538,,,0.67211,
E18_88,,0.10678,,
E1026_140,0.17210999999999999,,,
E640_647,,,,0.80905
E1890_331,,0.41206000000000004,,
E666_680,,0.8505,,
E858_138,,0.1696,,
E268_272,,0.33794,,
E973_312,,0.38819000000000004,,
E459_581,,0.72613,,
E1087_544,0.67965,,,
E305_715,,0.8944700000000001,,
E437_672,,0.84045,,
E949_319,0.39698,,,
E1707_190,,0.23492,,
E162_140,,0.17210999999999999,,
E712_471,0.58794,,,
E510_768,0.96106,,,
E1896_500,,,,0.62437
E1276_362,,,0.45101,
E1511_100,0.12186,,,
E1133_685,,0.8567799999999999,,
E59_616,,,,0.7701
E1507_232,,0.28769,,
E483_27,,0.03015,,
E1061_435,,0.54271,,
E109_129,,0.15829000000000001,,
E1357_130,0.15955,,,
E1268_667,,0.8341700000000001,,
E335_559,,0.6984899999999999,,
E1278_367,,,0.45729,
E532_231,,0.28643,,
E1537_397,,,,0.49496999999999997
E1076_87,,0.10553,,
E302_711,,0.88945,,
E509_392,,0.48868999999999996,,
E122_137,,0.16834000000000002,,
E1892_291,,0.36180999999999996,,
E1244_616,,0.7701,,
E1867_223,,,0.27638,
E101_363,,,,0.45226000000000005
E654_445,0.55528,,,
E1821_397,,0.49496999999999997,,
E545_284,,0.35302,,
E1367_108,,0.13191,,
E624_735,,0.9196,,
E1355_480,0.59925,,,
E1456_353,,0.4397,,
E722_105,,0.12814,,
E1506_478,,0.59673,,
E1984_452,,0.56407,,
E94_523,,,,0.65327
E1661_323,,0.40201,,
E1787_687,,0.8593,,
E47_117,0.14322000000000001,,,
E1968_488,,0.6093,,
E1679_530,,0.66206,,
E1240_687,,,,0.8593
E670_481,,,,0.6005
E1574_317,0.39447,,,
E1943_261,,0.32411999999999996,,
E1876_45,,0.05276,,
E460_55,,,,0.06533
E1863_454,,0.56658,,
E1535_15,0.015080000000000001,,,
E1325_375,,0.46734,,
E225_736,,0.92085,,
E736_284,,0.35302,,
E531_67,,,,0.0804
E490_270,,0.33543,,
E1554_83,,0.1005,,
E1957_248,,0.30779,,
E247_729,,,,0.91206
E1293_543,,,,0.6783899999999999
E1153_558,,,0.69724,
E1728_767,0.9598,,,
E851_320,,0.39824,,
E1682_165,,0.20352,,
E1508_98,0.11935,,,
E1866_386,0.48116000000000003,,,
E521_399,,,,0.49749
E7_28,,,0.03141,
E503_444,,0.55402,,
E695_247,,,,0.30653
E1602_473,,,,0.59045
E1006_757,0.94724,,,
E1366_490,,0.6118100000000001,,
E856_684,,0.8555299999999999,,
E495_264,0.32789,,,
E351_528,,0.65955,,
E1285_766,,0.95854,,
E170_33,,0.037689999999999994,,
E1901_748,,,0.9359299999999999,
E1727_726,,0.9082899999999999,,
E207_22,,,,0.02387
E1107_661,,,,0.82663
E462_161,,0.19849,,
E557_28,,0.03141,,
E193_636,,0.79523,,
E1604_765,0.95729,,,
E157_644,,,0.80528,
E1553_11,,0.01005,,
E708_405,,0.50503,,
E1942_115,0.1407,,,
E1467_355,,0.44221000000000005,,
E1690_251,,,,0.31156
E22_647,,0.80905,,
E1953_374,0.46608,,,
E434_760,,0.95101,,
E270_685,,0.8567799999999999,,
E234_70,,,0.08417000000000001,
E433_50,,0.05905,,
E1525_263,,0.32663000000000003,,
E709_250,,0.3103,,
E1555_273,,0.3392,,
E1275_361,,,,0.44975
E597_567,0.70854,,,
E611_98,,0.11935,,
E1805_479,,0.5979899999999999,,
E1463_407,,0.50754,,
E893_609,,,0.76131,
E540_134,,,,0.16457
E27_631,0.78894,,,
E1987_668,,,0.8354299999999999,
E1803_412,,0.5138199999999999,,
E1891_516,,0.64447,,
E1865_184,0.22739,,,
E1633_372,,0.46357,,
E1114_688,,,0.86055,
E1090_347,,0.43216000000000004,,
E204_463,0.57789,,,
E1470_308,0.38316999999999996,,,
E1110_616,0.7701,,,
E256_107,,0.13065,,
E919_461,,0.57538,,
E325_428,,0.53392,,
E1672_475,,0.59296,,
E1839_155,0.19095,,,
E759_290,0.36055,,,
E1811_141,,0.17337,,
E1135_80,,0.09673,,
E1516_526,,0.65704,,
E887_147,0.1809,,,
E970_439,,0.54774,,
E1148_208,,0.25754,,
E913_649,0.8115600000000001,,,
E442_670,0.83794,,,
E1614_558,,,,0.69724
E1752_482,,,,0.6017600000000001
E1289_687,,0.8593,,
E634_525,,0.65578,,
E675_421,,0.52513,,
E1499_689,0.8618100000000001,,,
E1233_458,,0.5716100000000001,,
E1228_23,,,,0.02513
E245_53,,0.06281,,
E1019_13,,,0.01256,
E379_166,,0.20477,,
E1266_356,,0.44347,,
E51_572,,0.71482,,
E1954_20,,0.02136,,
E1916_675,,0.8442200000000001,,
E1638_756,,,,0.9459799999999999
E1489_566,,0.70729,,
E115_128,0.15704,,,
E260_64,,0.07662999999999999,,
E280_242,,,,0.30025
E1111_393,,0.48995,,
E53_689,0.8618100000000001,,,
E942_793,,,,0.99246
E1261_749,,0.93719,,
E1745_649,,0.8115600000000001,,
E992_647,,,0.80905,
E815_750,,0.9384399999999999,,
E1433_316,,0.39321999999999996,,
E1549_688,,0.86055,,
E1442_110,0.13442,,,
E70_719,,,,0.8995
E543_71,,0.08542999999999999,,
E865_672,,,,0.84045
E1397_630,,0.78769,,
E1184_343,,0.42713999999999996,,
E487_207,0.25628,,,
E1434_177,,0.21859,,
E475_733,,,,0.91709
E1981_529,,,0.6608,
E523_244,,0.30276,,
E1798_672,,,,0.84045
E1512_625,,0.78141,,
E682_676,,0.8454799999999999,,
E1130_716,,0.8957299999999999,,
E342_617,,,,0.77136
E1231_765,0.95729,,,
E1277_506,,0.6319100000000001,,
E702_423,,,0.52764,
E4_637,,0.79648,,
E24_31,,0.03518,,
E1883_302,,,,0.37563
E873_103,,0.12563,,
E1085_509,,0.63568,,
E1237_391,,,,0.48744
E1612_143,0.17588,,,
E1657_367,,0.45729,,
E1720_50,0.05905,,,
E224_365,0.45477,,,
E11_346,,,0.4309,
E661_156,,0.19221,,
E1332_649,,0.8115600000000001,,
E420_12,,0.011309999999999999,,
E1196_792,,,,0.99121
E734_73,,0.08794,,
E1462_204,,0.25251,,
E1373_290,,0.36055,,
E206_222,,,0.27513000000000004,
E705_702,0.8781399999999999,,,
E1466_649,,0.8115600000000001,,
E241_560,,0.69975,,
E1531_587,,0.7336699999999999,,
E1900_294,,0.36558,,
E691_640,,0.80025,,
E1772_450,,0.5615600000000001,,
E1955_236,0.29270999999999997,,,
E656_724,,0.9057799999999999,,
E1946_732,0.9158299999999999,,,
E1165_760,,0.95101,,
E1651_614,,,,0.76759
E1149_131,,0.1608,,
E706_481,,,0.6005,
E905_648,,0.8103,,
E1446_324,,0.40326999999999996,,
E1632_716,,0.8957299999999999,,
E1777_753,,0.94221,,
E113_187,,0.23116,,
E564_122,,0.1495,,
E703_393,,0.48995,,
E336_18,,0.01884,,
E1032_504,,,,0.6294
E456_121,,,,0.14824
E1140_150,,0.18467,,
E1556_274,,0.34045,,
E833_448,,0.55905,,
E581_9,,0.007540000000000001,,
E110_50,,0.05905,,
E1505_58,,,0.0691,
E578_30,,0.03392,,
E869_143,,0.17588,,
E895_406,,,,0.5062800000000001
E187_785,0.98241,,,
E1229_66,,0.07915,,
E538_339,,,0.42211000000000004,
E1160_118,,,0.14447000000000002,
E95_379,,0.47236000000000006,,
E998_716,,0.8957299999999999,,
E288_511,,0.6381899999999999,,
E287_526,,0.65704,,
E54_732,,0.9158299999999999,,
E108_148,,,,0.18216
E1966_656,,0.82035,,
E26_322,,0.40075,,
E1567_163,,0.20101,,
E1078_100,,,,0.12186
E924_92,,0.11180999999999999,,
E1041_49,0.05779,,,
E1035_263,,0.32663000000000003,,
E1279_575,,,,0.71859
E1102_609,,,0.76131,
E572_501,,0.62563,,
E1918_167,0.20603000000000002,,,
E1760_319,,0.39698,,
E1994_343,,,0.42713999999999996,
E1872_125,,0.15327000000000002,,
E173_374,,0.46608,,
E1608_758,,,,0.9484899999999999
E1714_55,,0.06533,,
E563_364,,0.45352,,
E371_138,,0.1696,,
E119_653,,0.81658,,
E1009_101,,0.12312000000000001,,
E1023_391,,0.48744,,
E707_295,,0.36683000000000004,,
E467_263,0.32663000000000003,,,
E1242_500,,0.62437,,
E1482_604,0.75503,,,
E158_115,,,0.1407,
E188_317,0.39447,,,
E995_798,,0.99874,,
E1773_342,,0.42588000000000004,,
E1926_14,,0.013819999999999999,,
E266_600,0.75,,,
E174_752,,0.94095,,
E409_595,,,,0.7437199999999999
E1477_129,,0.15829000000000001,,
E880_784,,,0.98116,
E1364_586,,0.73241,,
E1585_65,,0.07789,,
E1365_251,,0.31156,,
E1400_331,,,,0.41206000000000004
E848_201,,0.24874000000000002,,
E553_451,,,,0.56281
E1033_470,,,,0.58668
E1691_607,,0.75879,,
E987_16,,,0.01633,
E1965_535,,0.6683399999999999,,
E1904_490,0.6118100000000001,,,
E1204_135,,,0.16583,
E138_320,,0.39824,,
E755_662,,0.82789,,
E867_211,0.26131,,,
E306_123,,0.15075,,
E58_185,,,,0.22864
E1226_692,,0.8655799999999999,,
E1302_771,,,0.9648200000000001,
E1453_464,,0.57915,,
E1645_707,,0.8844200000000001,,
E1611_320,,0.39824,,
E407_57,,0.06784,,
E556_379,,0.47236000000000006,,
E1097_664,,0.8304,,
E1913_478,,0.59673,,
E780_719,,0.8995,,
E1869_250,,0.3103,,
E518_154,,0.1897,,
E947_113,,0.13819,,
E100_65,,0.07789,,
E1701_665,,,0.8316600000000001,
E756_240,,0.29774,,
E1831_764,,,,0.9560299999999999
E587_258,0.32035,,,
E1245_70,,0.08417000000000001,,
E289_653,,0.81658,,
E1989_692,,,0.8655799999999999,
E1895_569,,0.71106,,
E1491_715,,0.8944700000000001,,
E1422_536,,,,0.6696
E252_240,,0.29774,,
E931_679,,,0.84925,
E809_473,,0.59045,,
E486_159,,,0.19598,
E1398_752,,0.94095,,
E1333_246,0.30528,,,
E765_431,,0.53769,,
E1081_283,,0.35176,,
E1816_508,0.63442,,,
E677_706,,,0.8831700000000001,
E1036_529,,,,0.6608
E1793_707,,0.8844200000000001,,
E1829_665,,0.8316600000000001,,
E1765_385,,0.4799,,
E1906_122,0.1495,,,
E891_273,,0.3392,,
E273_611,,0.7638199999999999,,
E1407_222,,,,0.27513000000000004
E643_780,,0.9761299999999999,,
E1151_611,,0.7638199999999999,,
E827_197,0.24372,,,
E1199_166,0.20477,,,
E1252_477,,0.59548,,
E821_367,,,0.45729,
E1271_564,,0.70477,,
E1042_160,,,,0.19724
E646_597,,,0.7462300000000001,
E1410_730,0.91332,,,
E700_217,,,0.26884,
E1191_270,,,,0.33543
E1169_643,,,0.80402,
E1594_782,,0.97864,,
E1931_95,,0.11558,,
E1351_647,,0.80905,,
E1173_410,,0.51131,,
E1599_746,0.93342,,,
E181_717,,0.8969799999999999,,
E1923_276,,,,0.34296
E1623_412,,0.5138199999999999,,
E889_779,,0.9748700000000001,,
E1386_63,,0.07537999999999999,,
E1739_378,,,,0.47111000000000003
E43_180,0.22236,,,
E1253_197,,0.24372,,
E1416_158,0.19472,,,
E920_267,,0.33166,,
E88_576,,,0.71985,
E1848_676,,,,0.8454799999999999
E1755_590,,0.73744,,
E1715_5,,0.00251,,
E375_524,0.65452,,,
E800_417,,0.5201,,
E589_114,,,,0.13945
E152_165,,0.20352,,
E1295_757,0.94724,,,
E1870_539,,0.67337,,
E1978_612,,0.76508,,
E1868_789,,,,0.98744
E1688_399,,0.49749,,
E1627_139,0.17085,,,
E1064_738,,0.92337,,
E315_548,0.68467,,,
E828_599,,0.74874,,
E763_72,,0.08668,,
E1360_524,,0.65452,,
E859_714,,,0.8932200000000001,
E1873_503,,0.6281399999999999,,
E391_39,,0.04523,,
E1_362,,,0.45101,
E1016_185,,0.22864,,
E1267_408,,0.50879,,
E185_298,,0.3706,,
E614_330,,0.4108,,
E574_659,,0.8241200000000001,,
E526_437,,0.54523,,
E871_557,,0.69598,,
E738_591,,0.73869,,
E1991_490,,0.6118100000000001,,
E69_138,,0.1696,,
E401_691,,0.8643200000000001,,
E1915_562,0.70226,,,
E1157_39,,0.04523,,
E1294_401,0.5,,,
E923_668,,0.8354299999999999,,
E1771_322,,0.40075,,
E1101_786,,0.98367,,
E62_422,0.5263800000000001,,,
E607_47,,0.055279999999999996,,
E902_635,0.79397,,,
E75_350,,,,0.43593000000000004
E892_527,0.6582899999999999,,,
E322_716,,0.8957299999999999,,
E199_620,,0.77513,,
E605_552,,,0.6897,
E1509_221,,0.27387,,
E277_686,,0.8580399999999999,,
E1961_486,,0.60678,,
E482_484,,,,0.60427
E148_178,,0.21985,,
E940_471,,0.58794,,
E166_63,,0.07537999999999999,,
E476_8,,0.00628,,
E1322_696,,0.8706,,
E320_755,,,0.9447200000000001,
E562_447,,0.55779,,
E474_364,,0.45352,,
E717_798,,0.99874,,
E1418_278,,0.34548,,
E423_15,0.015080000000000001,,,
E1706_5,,0.00251,,
E428_481,,0.6005,,
E1176_537,,0.67085,,
E1161_487,,,,0.6080399999999999
E323_124,,,0.15200999999999998,
E393_677,,0.84673,,
E1681_357,,0.44472,,
